period,lb,start,end,cagr,vol,sharpe,maxdd,calmar,final_nav,avg_bil,avg_risky,rebalances,volreg_cash_days
last_5y,40,2021-04-23,2026-04-23,0.16715196795349696,0.18965159965914005,0.9125010830849495,-0.1743329195075467,0.9588089755260544,2.165664048490737,0.13705654727188635,0.9712495470076842,261,30
last_10y,40,2016-04-25,2026-04-23,0.20774264843346257,0.1775835919285409,1.1537857029699405,-0.17433291950754592,1.1916432594617938,6.594516235601605,0.11210659558572172,1.0234460401897991,522,90
full_common,40,2007-12-31,2026-04-23,0.13068900932936245,0.16549891191283037,0.8262727081589772,-0.21288735182772223,0.6138880877954728,9.478797668002576,0.1169316647821879,1.0290153181176203,956,164
last_5y,50,2021-04-23,2026-04-23,0.1741359438601391,0.18503383541731788,0.9627861120377421,-0.18942711776403975,0.919276743032388,2.2312292622069987,0.1252947451473147,1.001623988986835,261,30
last_10y,50,2016-04-25,2026-04-23,0.19062750589197486,0.1751535828055066,1.0856512474580982,-0.18942711776404086,1.0063369391991133,5.717951353993072,0.09949740721729639,1.0468069425980957,522,90
full_common,50,2007-12-31,2026-04-23,0.1205355564816517,0.1636479398340825,0.7785177384262881,-0.26997218758163466,0.44647397778781917,8.03563828896192,0.1077608292259768,1.0424881364323115,956,164
last_5y,60,2021-04-23,2026-04-23,0.2266911105671645,0.17949764649252073,1.2318215900108374,-0.18803723198772349,1.2055650265154119,2.7772524241787244,0.11407130614470619,1.0308608145348734,261,30
last_10y,60,2016-04-25,2026-04-23,0.23633755099025033,0.16585775399524302,1.3647086453850448,-0.18803723198772282,1.256865720112712,8.331821515022044,0.08615127773279209,1.0845730018059574,522,90
full_common,60,2007-12-31,2026-04-23,0.1518773585679256,0.15807190367726068,0.9752018575326257,-0.28852501500993466,0.5263923426628921,13.316622873856224,0.0983447723319456,1.0650941429136582,956,164
last_5y,70,2021-04-23,2026-04-23,0.21226894902405147,0.1817521387504982,1.1535599726989776,-0.18864994242578426,1.1252001792025939,2.6178073708103735,0.11608536450647466,1.0255083734824955,261,30
last_10y,70,2016-04-25,2026-04-23,0.22665991507486205,0.16752914789504703,1.305742103437986,-0.18864994242578348,1.2014841465643809,7.702548684170926,0.0852104575245822,1.0878794193829324,522,90
full_common,70,2007-12-31,2026-04-23,0.15817717155923883,0.1582659978315199,1.0087167593820439,-0.2980506264045881,0.5307057175733683,14.715256562294675,0.09738222222227426,1.0674785076568414,956,164
last_5y,80,2021-04-23,2026-04-23,0.21790048266904005,0.17960776710812143,1.1908040659712773,-0.16827828229764885,1.294881785657997,2.6791708840632458,0.10890868343181635,1.048062189358683,261,30
last_10y,80,2016-04-25,2026-04-23,0.20215023963669743,0.16606297513220264,1.1938675545471538,-0.16827828229764885,1.201285376083981,6.295644342483804,0.0806063989452616,1.0963600900152566,522,90
full_common,80,2007-12-31,2026-04-23,0.13753200365284046,0.15740338310468954,0.8988265891910882,-0.30439796919237194,0.4518164297144954,10.586093100765456,0.0872577433900234,1.0792045154222498,956,164
last_5y,90,2021-04-23,2026-04-23,0.2560527496867009,0.18618405506226904,1.3215063308573067,-0.15136391094393375,1.691636719016494,3.1258751340135276,0.11505633159585084,1.035147266781598,261,30
last_10y,90,2016-04-25,2026-04-23,0.22020959759950198,0.17044323638161107,1.2552253344217514,-0.15313006961138653,1.4380558838531836,7.307229621892005,0.07851876110738573,1.0982895297933015,522,90
full_common,90,2007-12-31,2026-04-23,0.14541627994448336,0.16073367963230042,0.9265893615454036,-0.21540869631135018,0.6750715381253676,12.013317535273048,0.08490642571446522,1.085089391262886,956,164
last_5y,100,2021-04-23,2026-04-23,0.2826521966150308,0.18197645081703168,1.4635713085645061,-0.12483759806905126,2.26415920353328,3.471127367484373,0.10474454928900388,1.0526656009242907,261,30
last_10y,100,2016-04-25,2026-04-23,0.2588187358702314,0.16405588167928914,1.4879998243140804,-0.12483759806905181,2.0732434769136634,9.975800862438422,0.07451495833729642,1.1202805591436884,522,90
full_common,100,2007-12-31,2026-04-23,0.16305069535626227,0.15733302796321122,1.0405256709857722,-0.21191658802491475,0.7694097799323412,15.89132596017576,0.08297150427092728,1.095613799732127,956,164
last_5y,110,2021-04-23,2026-04-23,0.25289304220187336,0.18739529405901478,1.3007922468267274,-0.15848171955599077,1.5957237396867565,3.0867607458607953,0.10588370477094378,1.0275767690429867,261,30
last_10y,110,2016-04-25,2026-04-23,0.23958061413851706,0.16619456593023935,1.378112790091797,-0.1787142102858752,1.3405795418018445,8.55281987268617,0.07039216290339187,1.1181422080567165,522,90
full_common,110,2007-12-31,2026-04-23,0.16218029168444104,0.1580223248814347,1.0319467780595322,-0.1840179817272356,0.8813284993247892,15.674965728985994,0.07633378053567083,1.1014358954710146,956,164
last_5y,120,2021-04-23,2026-04-23,0.26008721914273547,0.18825025161386005,1.326269726645067,-0.17406377781923887,1.4942064477816281,3.1763936020350747,0.11378592443104536,1.0178476950757223,261,30
last_10y,120,2016-04-25,2026-04-23,0.2456862680044778,0.16830427441494047,1.3922099073076937,-0.17406377781923887,1.411472685946281,8.983255105216035,0.07454511753858341,1.1094339227893346,522,90
full_common,120,2007-12-31,2026-04-23,0.18365705984397462,0.15940466871703013,1.1394808393963483,-0.17406377781923998,1.0551136034442328,21.918999551770003,0.07864048815765216,1.1001572184938742,956,164
last_5y,130,2021-04-23,2026-04-23,0.2928286069288031,0.18533274761395263,1.4829779443914881,-0.11330519945107043,2.5844233834587427,3.6110077547571358,0.12450959359551589,1.01050254021168,261,30
last_10y,130,2016-04-25,2026-04-23,0.2785441104689965,0.16728380410781604,1.5555870205179279,-0.16852333546767062,1.6528518717957146,11.652704434272078,0.08359454863368321,1.1093769068196606,522,90
full_common,130,2007-12-31,2026-04-23,0.19101757026895583,0.15844280012524958,1.1845999638483267,-0.1685233354676705,1.1334784570864407,24.553776754594068,0.08184355137181044,1.1011406294321158,956,164
last_5y,140,2021-04-23,2026-04-23,0.2399194940616345,0.18567350275376868,1.2546527268466152,-0.19389075101844566,1.2373952486202393,2.930242181900181,0.12237249861625882,1.0062108021845226,261,30
last_10y,140,2016-04-25,2026-04-23,0.25735529904759,0.16743590508681522,1.4541939618829656,-0.19389075101844544,1.3273211728552592,9.8605107605765,0.0804861622151419,1.1029328212334804,522,90
full_common,140,2007-12-31,2026-04-23,0.17843247491795156,0.1582453686527556,1.1185671577140215,-0.20660963111630193,0.863621284031579,20.213536106736047,0.08169869922127164,1.1006357321207987,956,164
last_5y,150,2021-04-23,2026-04-23,0.26310245468135474,0.19186612542289733,1.3172014517269501,-0.12804441413263,2.0547749502670998,3.2145742740118246,0.12213562420358917,0.994011884962088,261,30
last_10y,150,2016-04-25,2026-04-23,0.2632424823689328,0.17302296062991332,1.4398292963549546,-0.1752524920006705,1.5020755446257827,10.33171898789813,0.08336156071604973,1.1004237677518556,522,90
full_common,150,2008-01-03,2026-04-23,0.15003770059565746,0.16124078416152576,0.949182221933162,-0.2699787013918943,0.5557390261606842,12.917687530985436,0.0794410364879615,1.102539026605486,956,164
last_5y,160,2021-04-23,2026-04-23,0.28529358955370143,0.17813065023269462,1.5029776669580528,-0.125461833660652,2.2739472334300554,3.5070107684276084,0.10550611862842314,1.0204940096909372,261,30
last_10y,160,2016-04-25,2026-04-23,0.2948151875966498,0.1621296618621964,1.6781373634809797,-0.17158005822541655,1.7182369014546597,13.222385897114773,0.07009858609442592,1.1178912307387638,522,90
full_common,160,2008-01-17,2026-04-23,0.1810591077748025,0.1547925076887601,1.1546366094592018,-0.19681842427570884,0.9199296683788595,20.892179481366966,0.07311300846138064,1.1084265114114396,954,164
last_5y,170,2021-04-23,2026-04-23,0.26228292737572434,0.1889539076376269,1.3311741195489548,-0.1522006123435954,1.7232711704445467,3.2041608056889754,0.10913106832841893,1.0040362386609443,261,30
last_10y,170,2016-04-25,2026-04-23,0.2581530908070586,0.16896482949630282,1.4463516845548698,-0.21677981446868488,1.1908539152493387,9.923211546380319,0.07478134901462087,1.110214613010551,522,90
full_common,170,2008-02-01,2026-04-23,0.16475520728049475,0.15886719777083716,1.0411844768849894,-0.21677981446868466,0.7600117551733341,16.106573303692702,0.07551602116989029,1.104089722615091,951,164
last_5y,180,2021-04-23,2026-04-23,0.22154121467571652,0.19225612304534767,1.1402879955920917,-0.2034801472058273,1.088760833515713,2.719450372046128,0.1180381406753871,1.001381942043083,261,30
last_10y,180,2016-04-25,2026-04-23,0.24684131410486532,0.16784731002228612,1.4009644539934625,-0.20348014720582808,1.2130977763406852,9.066842050811259,0.0757171050179722,1.1249533381546646,522,90
full_common,180,2008-02-15,2026-04-23,0.15977579415273735,0.15807520094203661,1.0185364866020254,-0.2297954197435611,0.6952958171709351,14.81253416337417,0.07602517649886689,1.1128677400229103,949,164
last_5y,190,2021-04-23,2026-04-23,0.2418183834872396,0.17967967643522795,1.2991099961926849,-0.1438605579363592,1.6809220467100845,2.9527456904659406,0.10966129693704037,1.0367124782450783,261,30
last_10y,190,2016-04-25,2026-04-23,0.2553079808220413,0.16120771481827986,1.49402172829268,-0.14884887401829128,1.7152160707018034,9.701234228594243,0.07386419670282401,1.133580136789115,522,90
full_common,190,2008-03-03,2026-04-23,0.16909306429961535,0.1538259644125375,1.0941395442096464,-0.14884887401829117,1.1360049944270085,17.008437817943637,0.07480484363278189,1.120582579206947,947,164
last_5y,200,2021-04-23,2026-04-23,0.24751143533087183,0.17666425288115772,1.3443004810622752,-0.13595935733015585,1.8204810628063604,3.0210432132296807,0.11481537130914007,1.0529325814060029,261,30
last_10y,200,2016-04-25,2026-04-23,0.2522088881031095,0.15925269202620845,1.494825672743842,-0.16292860313410884,1.54797183092224,9.464534516792206,0.07480810619426623,1.1472328655613164,522,90
full_common,200,2008-03-17,2026-04-23,0.1608069398452594,0.1527555833349238,1.0541679734981189,-0.18704751841200595,0.8597116989868482,14.864540627489085,0.0744475514020441,1.1341567292071222,945,164
last_5y,210,2021-04-23,2026-04-23,0.259556233630589,0.17491873195893573,1.411045197652482,-0.12187332599940226,2.1297214259325457,3.1697076851118684,0.11278330151984581,1.057438410949937,261,30
last_10y,210,2016-04-25,2026-04-23,0.2581204383615361,0.15580668554334515,1.5547467541925835,-0.14922957623791655,1.7296868681715947,9.920638270000667,0.07549696976601848,1.1445362822040577,522,90
full_common,210,2008-04-01,2026-04-23,0.1507194071086173,0.1513120984067272,1.0049441922449796,-0.2085934766932035,0.7225509133744072,12.619401827647101,0.07148062424714896,1.1379735323794817,943,164
last_5y,220,2021-04-23,2026-04-23,0.268667777759253,0.17345489992948732,1.463230922150172,-0.13668979902428624,1.9655291007598723,3.2860094657034327,0.10326025113479248,1.0705832169266103,261,30
last_10y,220,2016-04-25,2026-04-23,0.23829188626957354,0.15497187138839358,1.4595286987680387,-0.1607193784408102,1.482658087539405,8.464375740686618,0.07324207674263009,1.1486860891456145,522,90
full_common,220,2008-04-15,2026-04-23,0.16233438659697552,0.15026018458860801,1.077964651281723,-0.19226340652848628,0.8443332484745276,15.041843031475246,0.07037957279846348,1.1426089939887765,941,164
last_5y,230,2021-04-23,2026-04-23,0.285605731309474,0.1722316292630934,1.5497796282016894,-0.135302950442163,2.1108610741756135,3.511270753543418,0.10412392716874595,1.072477041327533,261,30
last_10y,230,2016-04-25,2026-04-23,0.24468116454474353,0.15474492693437197,1.494827775583194,-0.1734532175021436,1.4106464444323132,8.911084007398463,0.07017145124576488,1.1528992082622416,522,90
full_common,230,2008-04-29,2026-04-23,0.1636691349870556,0.15041429933638914,1.0847548353256633,-0.23003519656223392,0.7114960555298172,15.267213235312227,0.06857945993080475,1.1414073288931244,939,164
last_5y,240,2021-04-23,2026-04-23,0.29121775752737,0.17784726871858386,1.5309336884115903,-0.15411651776384583,1.889594715432162,3.5885704395013067,0.10849400489527186,1.0588037229788263,261,30
last_10y,240,2016-04-25,2026-04-23,0.23742983900317727,0.1581542947069424,1.4289608487912122,-0.17296802206206252,1.3726805462224991,8.405674600829677,0.07329350794961982,1.147798888654623,522,90
full_common,240,2008-05-13,2026-04-23,0.15370918785698673,0.15270385289399344,1.0144667509396346,-0.19263374286042534,0.7979349078440439,13.00915554812037,0.07024034177724331,1.1445575296396142,937,164
last_5y,250,2021-04-23,2026-04-23,0.2784599345909582,0.1724983964881801,1.5152990492806535,-0.14364369330263482,1.9385461915427544,3.414778891555818,0.10551292859931405,1.0609541646432954,261,30
last_10y,250,2016-04-25,2026-04-23,0.2383323071440293,0.15442096746629355,1.4645224392305416,-0.17130538507585313,1.3912715413966525,8.46713723400903,0.0737841926205272,1.1550824721047603,522,90
full_common,250,2008-05-28,2026-04-23,0.16276571751133817,0.15180280283702866,1.0711526500277295,-0.178165255119617,0.9135659890704287,14.876285547092376,0.06514252137958276,1.154866782384915,935,164
last_5y,260,2021-04-23,2026-04-23,0.3049491772935531,0.16467760863981054,1.7043092248646465,-0.11056331628873473,2.758140652159728,3.783457589175044,0.10119032551523409,1.0838978819078662,261,30
last_10y,260,2016-04-25,2026-04-23,0.23745501931064505,0.15183486795569953,1.48216814837162,-0.21514243037224157,1.1037107784819482,8.407384046869605,0.06535002361149239,1.1699721726952066,522,90
full_common,260,2008-06-11,2026-04-23,0.16142663863677864,0.14942463443791515,1.0781540733459458,-0.2466485401098798,0.6544804139723044,14.48919208553522,0.06352920080765213,1.160968075676433,933,164
last_5y,270,2021-04-23,2026-04-23,0.2872507182216688,0.18081055523394518,1.4917718662580028,-0.11619845243358884,2.472070085320989,3.5337893190117478,0.1123014589207354,1.0572418074796655,261,30
last_10y,270,2016-04-25,2026-04-23,0.2304312237638111,0.16073481110316198,1.3732282242321259,-0.2079194785651075,1.1082714585187567,7.942496366543722,0.0711455100266058,1.1646223159216298,522,90
full_common,270,2008-06-25,2026-04-23,0.16067977650562182,0.15537410744009486,1.0386074080047794,-0.21502178786985693,0.7472720699489026,14.242067241147744,0.06318089698096208,1.1640508796133104,931,164
last_5y,280,2021-04-23,2026-04-23,0.28996404030528344,0.17648731513452867,1.5358189487794687,-0.12020518502688671,2.4122423690827164,3.5711848705696703,0.09321323976523684,1.065920149054854,261,30
last_10y,280,2016-04-25,2026-04-23,0.23707780571518988,0.15911728831385089,1.4194394631614202,-0.1852093729913563,1.2800529578287285,8.381808423191003,0.06107981513160202,1.1689482426520288,522,90
full_common,280,2008-07-10,2026-04-23,0.173117052119526,0.15457948577147823,1.1121045463721482,-0.2119961161238768,0.8166048288279375,17.109657880287564,0.05430354079610727,1.172596435121332,929,164
last_5y,290,2021-04-23,2026-04-23,0.2768607922911883,0.17481662284104502,1.4902630026444281,-0.16630859875034454,1.6647412964304995,3.3934785361266258,0.08385044140591312,1.0678594477123928,261,30
last_10y,290,2016-04-25,2026-04-23,0.22736619252666812,0.15912805045273518,1.3697734965538875,-0.20063482180394732,1.133233954516837,7.746982429383168,0.053324645810013165,1.1727802941653651,522,90
full_common,290,2008-07-24,2026-04-23,0.18211394292096195,0.15391390203257393,1.1661333159679157,-0.2006348218039472,0.9076886119943668,19.47453299720266,0.048968970568192625,1.179103668254343,927,164
last_5y,300,2021-04-23,2026-04-23,0.2931615095173208,0.16915610446780072,1.609790250053347,-0.13036115200964693,2.248841046569045,3.6156586741354344,0.07390879426672792,1.0973467640142598,261,30
last_10y,300,2016-04-25,2026-04-23,0.2362701987671345,0.1559415902580521,1.4410650014029351,-0.20550451906534106,1.149708044580817,8.327286788615172,0.04797104542447724,1.1928419097025211,522,90
full_common,300,2008-08-07,2026-04-23,0.17396111374619805,0.15230122876284302,1.1314247059080675,-0.2055045190653405,0.8465074857594096,17.118160822766686,0.048702737680571755,1.1856879501167081,925,164
last_5y,310,2021-04-23,2026-04-23,0.28986231156097175,0.18024947489361742,1.5070568270579907,-0.12565400924633974,2.3068289925608987,3.5697771369749645,0.084276989786591,1.0727248775392946,261,30
last_10y,310,2016-04-25,2026-04-23,0.2557685275167365,0.16231739071820872,1.4872272757814609,-0.18788086582046837,1.361333557836267,9.736860434681413,0.05264439512063259,1.1908935448331177,522,90
full_common,310,2008-08-21,2026-04-23,0.18904891186356254,0.15662615980215144,1.1861826327066824,-0.18788086582046826,1.0062169505020826,21.319928327889684,0.05064850702680746,1.182006712100982,923,164
last_5y,320,2021-04-23,2026-04-23,0.22801421286240986,0.18325723241629707,1.2162547269602506,-0.23079938493011654,0.9879324978766733,2.792260354427001,0.08744753695494711,1.0647579976838684,261,30
last_10y,320,2016-04-25,2026-04-23,0.22133788773714635,0.16291184733612976,1.3114087761302473,-0.2307993849301173,0.9590055354963977,7.375032506936149,0.05425863076542954,1.1891043660528369,522,90
full_common,320,2008-09-05,2026-04-23,0.17997846177425836,0.15725045143447686,1.133295863428173,-0.2307993849301162,0.7798047721347008,18.49565365838071,0.049957193761708,1.1863116900858737,920,164
last_5y,330,2021-04-23,2026-04-23,0.2551524343221059,0.17148266919601754,1.4155695141714046,-0.1872318767780039,1.3627617193873118,3.11468986391956,0.08074363985463187,1.087222060460777,261,30
last_10y,330,2016-04-25,2026-04-23,0.226773910086971,0.15652185722032774,1.386893503676428,-0.2185629496881344,1.0375679428308997,7.7097048476624925,0.05138456042261985,1.2034905190772915,522,90
full_common,330,2008-09-19,2026-04-23,0.17854590034981865,0.15255498890604607,1.1555210510473017,-0.2185629496881345,0.8169083580020502,17.990129244468196,0.04645974115566441,1.1967380354946096,918,163
last_5y,340,2021-04-23,2026-04-23,0.23605113331362237,0.17816051426404872,1.2827811445586905,-0.16388895976201856,1.4403113770225264,2.884823121443388,0.09476214473426865,1.0824730433495817,261,30
last_10y,340,2016-04-25,2026-04-23,0.21894573719902866,0.16053823182671348,1.316248077261097,-0.18625912988072535,1.1754899603538083,7.231946392680986,0.0568388311429122,1.206273847588219,522,90
full_common,340,2008-10-03,2026-04-23,0.17284972180073122,0.15468901226370382,1.1104162289480586,-0.18625912988072524,0.9280067071687653,16.41977068751248,0.05209650201742009,1.1994660871079514,916,153
last_5y,350,2021-04-23,2026-04-23,0.25430495445957835,0.1693226121993655,1.4274051372091194,-0.14543612227100178,1.7485680344647343,3.1041902845383036,0.09069256082617295,1.100494988429131,261,30
last_10y,350,2016-04-25,2026-04-23,0.2284506999845699,0.15465765072168436,1.4105768750127292,-0.19389683228486032,1.178207489480516,7.815660766283739,0.05393022779072697,1.2141254888824913,522,90
full_common,350,2008-10-17,2026-04-23,0.1725738471357665,0.15151250040347497,1.1289831355910631,-0.19389683228486088,0.890029223799964,16.252631987001774,0.04960241744952806,1.2042909475967043,914,143
last_5y,360,2021-04-23,2026-04-23,0.24968318463969918,0.1627465657544361,1.4557392197682415,-0.17979402613832085,1.3887179123938775,3.047427446587022,0.08042275140351343,1.1099924409604374,261,30
last_10y,360,2016-04-25,2026-04-23,0.251044641779687,0.15150231631511363,1.5574493212942049,-0.19744481827177363,1.2714673597264816,9.376964580090858,0.044078338819618985,1.2271582015653237,522,90
full_common,360,2008-10-31,2026-04-23,0.18891545633524576,0.14911094109183068,1.2379392608644058,-0.19744481827177363,0.9568012875132149,20.573869392879264,0.04440527006159643,1.2137731239400276,912,133
last_5y,370,2021-04-23,2026-04-23,0.26757735906097224,0.16660158142977874,1.5115218952929768,-0.1992300688382238,1.3430571028826321,3.2719140361406818,0.08378750981909397,1.0990168662504767,261,30
last_10y,370,2016-04-25,2026-04-23,0.25151994262354704,0.15620225434763715,1.517658372442326,-0.19923006883822025,1.2624597486225206,9.412626337349236,0.04963267244058972,1.2135936637237288,522,90
full_common,370,2008-11-14,2026-04-23,0.1881236409174778,0.15144114809156892,1.2168655903753194,-0.1992300688382218,0.9442532546140783,20.20180594776935,0.043994778012943485,1.2128269685310413,910,126
last_5y,380,2021-04-23,2026-04-23,0.27973078510132465,0.1643499426966806,1.5882083767379043,-0.16795410029946733,1.6655192377117085,3.4317826040566,0.08326657779103976,1.1015720500543869,261,30
last_10y,380,2016-04-25,2026-04-23,0.25894064979958276,0.15397619074350885,1.5758576907197845,-0.17182891609260365,1.5069678357281382,9.985459807097127,0.04709865663350576,1.2221697163171497,522,90
full_common,380,2008-12-01,2026-04-23,0.18812346078964204,0.15008640488605277,1.2260406666682893,-0.17182891609260353,1.0948300499565329,20.040323607787617,0.04169332721581199,1.2201232099161812,908,123
last_5y,390,2021-04-23,2026-04-23,0.3068743479982283,0.16126679932024393,1.7462507571774275,-0.11638584712958289,2.636698151593616,3.811444583566145,0.08449166875851309,1.1079971005107878,261,30
last_10y,390,2016-04-25,2026-04-23,0.2698909052718719,0.15208434971475346,1.650646948291306,-0.2191258110964761,1.231670992665693,10.888144760368268,0.0451459300545429,1.226110377375982,522,90
full_common,390,2008-12-15,2026-04-23,0.19150865746891976,0.14918752983564185,1.2517603549764225,-0.21912581109647633,0.8739666792818062,20.91590073790606,0.03970902175127201,1.2239435654311752,906,119
last_5y,400,2021-04-23,2026-04-23,0.26929516977426937,0.16702192817983116,1.516411038472089,-0.13660436076361482,1.971351194565945,3.2941415131594813,0.07792601463091386,1.094631368844347,261,30
last_10y,400,2016-04-25,2026-04-23,0.25222511302826023,0.15512122030914405,1.5308611559740064,-0.18973106098146664,1.3293822936714519,9.465760072684573,0.04159283158254883,1.2158448549412588,522,90
full_common,400,2008-12-30,2026-04-23,0.19658210197739234,0.14909066544992633,1.2809654101243475,-0.18973106098146642,1.0361092219718055,22.3509618801059,0.035525095045032574,1.2237879725591354,904,119
last_5y,410,2021-04-23,2026-04-23,0.27078718252593825,0.16660405201162734,1.5266876324499927,-0.1284265287253531,2.1084988063878214,3.313545167508462,0.06850945283396871,1.1015244498635575,261,30
last_10y,410,2016-04-25,2026-04-23,0.24153502316468156,0.15577744712006553,1.469788951538148,-0.19792216002059093,1.220353613458712,8.688536683795249,0.039977128426924295,1.2145068586157124,522,90
full_common,410,2009-01-14,2026-04-23,0.1900756136604349,0.14914222108661418,1.243780458869239,-0.1979221600205906,0.9603553924465084,20.19296058156471,0.03426723002801552,1.226203697218166,902,119
last_5y,420,2021-04-23,2026-04-23,0.2739866568096987,0.17052746249739772,1.5101450702949908,-0.14464089958791515,1.894254374732819,3.3554627010291966,0.06035118138798147,1.1181985879799823,261,30
last_10y,420,2016-04-25,2026-04-23,0.2349329943978522,0.15827492434948387,1.4152713358404443,-0.2250770808085526,1.0437890590809773,8.2377133547055,0.03689153551500563,1.2153635497108954,522,90
full_common,420,2009-01-29,2026-04-23,0.18392726095206613,0.15118201272990756,1.1945920701766053,-0.22507708080855238,0.8171745443442652,18.337427613018104,0.03174711092802758,1.2258859272498566,900,119
last_5y,430,2021-04-23,2026-04-23,0.291640812531327,0.17174078513888635,1.5811613978196415,-0.14541206807328255,2.0056162902817003,3.5944522889784407,0.05622817842309079,1.1306457656702795,261,30
last_10y,430,2016-04-25,2026-04-23,0.24983944334575758,0.15868020566409374,1.4877950952863062,-0.17204551918929012,1.4521705913821332,9.28708311404394,0.03558117035528147,1.2217813460506093,522,90
full_common,430,2009-02-12,2026-04-23,0.1936349366551784,0.15135366350216473,1.247529978245829,-0.17204551918929012,1.125486659388873,20.965037654605883,0.03127563102237132,1.2308685271562105,898,119
last_5y,440,2021-04-23,2026-04-23,0.29313167311006594,0.17618285022805713,1.5521543659123787,-0.14528521243248904,2.0176291048634973,3.61524163991431,0.060023836966059084,1.1167054301429216,261,30
last_10y,440,2016-04-25,2026-04-23,0.25137829982811866,0.1611828937593308,1.4747851543182569,-0.16922907461982717,1.4854321007949702,9.401986152622849,0.037657183131988375,1.2104826443119787,522,90
full_common,440,2009-02-27,2026-04-23,0.19978403741419704,0.15226479407143947,1.2746663783080223,-0.16922907461982883,1.1805538608717774,22.73053683732649,0.03204280920588406,1.228136592000997,895,119
last_5y,450,2021-04-23,2026-04-23,0.25868167415207144,0.17308687460168062,1.4201967600379832,-0.13394981321765287,1.9311835376115367,3.158720193448313,0.049816834482577906,1.127146980455452,261,30
last_10y,450,2016-04-25,2026-04-23,0.24034547776170867,0.15860727828327548,1.440195512812715,-0.1678005744303992,1.4323280988611864,8.605704137797973,0.034483460308229075,1.2076075980102348,522,90
full_common,450,2009-03-13,2026-04-23,0.19554677203026438,0.15036001134859298,1.2654383030008756,-0.1678005744303992,1.165352220599065,21.24641267091356,0.029877106456911995,1.2250116322530775,893,119
last_5y,460,2021-04-23,2026-04-23,0.2467204027553953,0.17245098539086612,1.3693137624425655,-0.14717196515820996,1.6764089715739727,3.0114786167706806,0.04223803912109404,1.1391257012504963,261,30
last_10y,460,2016-04-25,2026-04-23,0.22697329050083836,0.15994956247655978,1.3615607933800187,-0.15791543446734047,1.4373090969000892,7.722235559964226,0.0288193347531836,1.21358565506422,522,90
full_common,460,2009-03-27,2026-04-23,0.17902735148916804,0.1512487415695904,1.1668229879324887,-0.1579154344673408,1.1336912828884596,16.639650225627342,0.0267560417185869,1.2288740557121518,891,119
last_5y,470,2021-04-23,2026-04-23,0.251197894709722,0.17237453324480467,1.390792282585213,-0.14118529415979186,1.7792072198781492,3.065938286484026,0.05122835741924045,1.1449613881865646,261,30
last_10y,470,2016-04-25,2026-04-23,0.23055308925748408,0.15993627743814537,1.37991140775051,-0.15791543446734013,1.459978184115795,7.950360963959831,0.03428169097229892,1.2145881520080613,522,90
full_common,470,2009-04-13,2026-04-23,0.1820447126161464,0.151265293713158,1.1832002250781155,-0.1579154344673409,1.1527987319934567,17.247067877602785,0.029847075365144898,1.233169826857521,889,119
last_5y,480,2021-04-23,2026-04-23,0.2453904117843455,0.17404723645678413,1.3523267979886455,-0.13863374544415985,1.770062627956525,2.9954519386966294,0.05473102887080093,1.1472398413084128,261,30
last_10y,480,2016-04-25,2026-04-23,0.21910759503529675,0.15888074909516028,1.3291556537610423,-0.16264324016865683,1.347166933025239,7.241548499164486,0.03427218118115387,1.2228464938089452,522,90
full_common,480,2009-04-27,2026-04-23,0.1766330364044142,0.15072208124288522,1.1565666984659058,-0.1626432401686566,1.0860152332261122,15.851693822961659,0.029595698979829332,1.2402577997045503,887,119
last_5y,490,2021-04-23,2026-04-23,0.2654570645834642,0.17585431568487464,1.431259040378968,-0.13237471822131675,2.005345644170873,3.2446442651758973,0.047348448553259884,1.1568965707516992,261,30
last_10y,490,2016-04-25,2026-04-23,0.24241776897194334,0.1595186030079892,1.4433925989374177,-0.1819292604444912,1.3324836718385271,8.750468650064404,0.029189731354336293,1.226997193932051,522,90
full_common,490,2009-05-11,2026-04-23,0.18805551322905267,0.15125763878374318,1.2170349874586803,-0.18192926044449087,1.0336738178872058,18.556035843085017,0.02632593973512276,1.2440265666828012,885,119
last_5y,500,2021-04-23,2026-04-23,0.28727884856716535,0.17857085616591178,1.508524181978764,-0.12817483313992695,2.241304642492075,3.534175403278189,0.05106450212544499,1.175799887871074,261,30
last_10y,500,2016-04-25,2026-04-23,0.2526664423928384,0.16196743469699604,1.474987664000159,-0.18587178844153596,1.3593587521342005,9.499150878479558,0.029983367983421556,1.2382499797588074,522,90
full_common,500,2009-05-26,2026-04-23,0.18253244154024495,0.15383376842576282,1.1688985401056817,-0.22214494237633753,0.8216817344012058,17.029176897609133,0.027653680306123814,1.2467118916029867,883,119
