date,1.H20955,0.399606,1.H00016,1.H00852,1.H00905,lookback
2026-04-22,-0.01639831156058709,13.603903921830053,0.5822001841635777,4.093855187220975,3.1945414841092887,20
2026-04-23,-7.375810546700393e-05,14.298881322987727,0.49230007146926286,3.8905936232934772,3.139131285243173,20
2026-04-24,0.000542474831216121,11.522879547733917,0.46240437856255523,3.1042763981454558,2.614533580307179,20
2026-04-27,0.0008672936025294881,8.012072881181528,0.3903895967279307,2.490504636948514,2.2547856253558605,20
2026-04-28,0.010730143992414249,4.225232496504881,0.3613362129972953,1.4603762392920778,1.4831418847813442,20
2026-04-29,0.04854072770130516,2.873220713776716,0.38159348154785355,1.0413216085692234,1.2403631491606175,20
2026-04-30,0.07081513501092396,1.777976307860837,0.43922765862640445,0.7803586518308574,1.0121649383935358,20
2026-05-06,0.07646639013948503,1.5409675499979179,0.5401575817140918,0.826246372497065,1.151597958206146,20
2026-05-07,0.03820590909009741,1.548711011193021,0.6550502558817248,1.0000992058783416,1.3825377440221411,20
2026-05-08,0.018794889629633292,1.3494795715801722,0.6606762841255243,1.1966745867678443,1.5945217908863,20
2026-04-22,-0.019805621182772196,9.706618389831203,0.5886853429667089,3.5062475018875023,2.741141041366854,22
2026-04-23,-0.0022067047792101173,10.735843523033301,0.5107660289222614,3.3747301407226393,2.7106210257606698,22
2026-04-24,-3.56170724754246e-05,9.6823676224388,0.5021243306143912,2.909920639511239,2.4249855273410454,22
2026-04-27,-3.278550409229665e-06,7.76055685445759,0.45004356988458244,2.5230906146622574,2.238413129351677,22
2026-04-28,0.0009624001707676425,4.960381638516528,0.42141047762823375,1.6998176889054655,1.6497260777161094,22
2026-04-29,0.014485575956356956,3.8892890290956803,0.4350821339592098,1.361594229022689,1.4892944549952791,22
2026-04-30,0.029959559170123856,2.74677338938243,0.4761662620850219,1.1064823705035185,1.2859150290692876,22
2026-05-06,0.04231013816818099,2.436868156046275,0.5687844100679446,1.1465080845048643,1.4286995794078485,22
2026-05-07,0.032331939319907826,2.364042844138517,0.6759731640984049,1.3131649629435806,1.6504854500177397,22
2026-05-08,0.023822560348548183,1.9735488371897185,0.6688674773806558,1.4396555534885973,1.7813160636868188,22
2026-04-22,-0.023734176162464777,6.780434914050667,0.511364952391535,2.8567385272356947,2.250721649511925,24
2026-04-23,-0.003266062207955217,8.038203160149807,0.512010161621849,3.0066483330914067,2.4137979639910028,24
2026-04-24,-0.00047446743077344037,7.873242030637563,0.5231487248154792,2.726995864561531,2.2544878535268973,24
2026-04-27,-0.0008492579787458049,6.816238837452133,0.47486094642038906,2.4200442782222606,2.1079245543956695,24
2026-04-28,-2.451386960297364e-09,4.957773324729771,0.460517937899147,1.7952051051757354,1.6845945658466928,24
2026-04-29,0.0025792383050330108,4.293291347223553,0.4793566316254217,1.5380655801118246,1.5946795312473023,24
2026-04-30,0.008464491242215016,3.396344198264232,0.5142858054499344,1.3261368672171847,1.4429477781429525,24
2026-05-06,0.015858702190718214,3.2077415964202753,0.5960135865101784,1.3979468487239877,1.6169987388275322,24
2026-05-07,0.015100856155122131,3.151611738799344,0.6800639692853176,1.5698912783332544,1.843129682921966,24
2026-05-08,0.014659230754149292,2.6955436919140743,0.678878382717501,1.6905597167933106,1.9736853731910102,24
2026-04-22,-0.03559279583088891,4.761529514460735,0.3300723174192905,2.04367583654522,1.6011956234804892,26
2026-04-23,-0.00787543325580804,5.864755270701077,0.40022628633518886,2.37945560760267,1.9116700045100539,26
2026-04-24,-0.0017958013563921609,6.138244708254017,0.47762931544551673,2.4076154403129717,1.9895324433683794,26
2026-04-27,-0.0015575095377492435,5.783843371484014,0.4845974528982632,2.3226895243879455,1.9994891355701572,26
2026-04-28,-9.297443343768855e-05,4.637367212356324,0.48529367263457523,1.8426595884786423,1.6858769349044045,26
2026-04-29,0.00014785481150698433,4.233345015619116,0.498050693852004,1.6125174618738494,1.6045520585947959,26
2026-04-30,0.001317547846465408,3.6245908076727935,0.5373402048818644,1.4530251817127757,1.5069133638843015,26
2026-05-06,0.004105247123383662,3.599938527731353,0.6172586301741583,1.543151706309669,1.694101132312177,26
2026-05-07,0.004480639145646549,3.665441235169587,0.6905811019433203,1.7211061623605928,1.9228003508332592,26
2026-05-08,0.005413552015783518,3.3108086535045738,0.6905029026322491,1.8678767500435765,2.0841087037734867,26
2026-04-22,-0.053033251123675726,3.3935850382488404,0.1760514603944294,1.311429872433325,1.0044647952748298,28
2026-04-23,-0.017846515070006713,4.316886900793362,0.24518098661417587,1.6946172472292427,1.3469032750928158,28
2026-04-24,-0.00635978426658072,4.718942069403123,0.33886424395576586,1.8825042390054685,1.5424700234273871,28
2026-04-27,-0.004567395824924585,4.691499204965546,0.40209153413776977,1.9882900513617319,1.6999591179018196,28
2026-04-28,-0.0007014368557387796,4.066551457646201,0.4574394799513545,1.760570602794178,1.588968032009789,28
2026-04-29,4.7393131930862775e-06,3.959269400455418,0.5052133730556309,1.65866987622124,1.6020118399368624,28
2026-04-30,0.00022087413699491633,3.6078620709114957,0.5504139816881448,1.5399918762706213,1.5394436757960916,28
2026-05-06,0.0006042108819368276,3.6680718094123654,0.6178656503013805,1.6109282540116265,1.6957925276272456,28
2026-05-07,0.0006788302157650059,3.8420302630562855,0.6907131920813744,1.7924329664481882,1.9232448898240748,28
2026-05-08,0.0011738045328094583,3.6350662288856133,0.6990955658154395,1.9489529360599165,2.0988286774063765,28
2026-04-22,-0.07263588195764799,2.4727909149035163,0.07685831165670023,0.7504292240673807,0.5393144681242193,30
2026-04-23,-0.032718085135700244,3.2188848494023685,0.12817362661343773,1.087147608201703,0.8332232084302591,30
2026-04-24,-0.015820627317055275,3.624900923889884,0.20482496311342854,1.330803702651871,1.0690273641506003,30
2026-04-27,-0.011729482943989542,3.7664077361721233,0.2720291453142237,1.5376622417143944,1.2975579356956746,30
2026-04-28,-0.003453906122957614,3.447795506830206,0.3483821006995622,1.4897869029262985,1.32395517708538,30
2026-04-29,-8.963401996039395e-05,3.498153687218067,0.4355282443451229,1.521207024744508,1.4420843222259243,30
2026-04-30,1.0076528714055034e-06,3.3602648904774246,0.5202566061782612,1.5253740571177272,1.4902392264831514,30
2026-05-06,0.00011953780853286572,3.554400172264489,0.6114611434532952,1.6557269701310842,1.6877390614316035,30
2026-05-07,0.00010488259002438841,3.818908019334807,0.6850544253407609,1.8345097272271162,1.9040895665001232,30
2026-05-08,8.951804839753012e-05,3.7050621373090915,0.6915095092286764,1.965679239216283,2.0526080748726496,30
2026-04-22,-0.09233415696917614,1.3782782207422926,0.0023827673307387403,0.14750245987778107,0.06738495723693087,35
2026-04-23,-0.06226318300755356,1.7588307688544207,0.00949304667325488,0.26438725710876043,0.15105917802114577,35
2026-04-24,-0.04615612911095434,2.025824282318003,0.02846391801446632,0.39054849755460463,0.25647285778653267,35
2026-04-27,-0.041531130457100385,2.2022596712141316,0.056026232070020006,0.5471621203701534,0.40355490948855594,35
2026-04-28,-0.025747237228971938,2.174923221799011,0.09857827631789952,0.640357388989764,0.516601558226734,35
2026-04-29,-0.010151605209859192,2.36602583634186,0.16352018323779752,0.7956941909033457,0.7030784138862952,35
2026-04-30,-0.004420106094762791,2.45814753874015,0.24957530229102626,0.9522108461084678,0.8791261213857923,35
2026-05-06,-0.0015457929104593566,2.7467777131864355,0.36425733195598775,1.196041875946096,1.1593877859739377,35
2026-05-07,-0.0007450921911533955,3.097599878392269,0.4794550127124123,1.479202622998623,1.4620804902797175,35
2026-05-08,-0.0002448432338948095,3.244362619445896,0.556724692185851,1.734128118566786,1.7226756349530183,35
2026-04-22,-0.09265291667546577,1.1750886912666654,4.877432866644906e-05,0.07321047012926692,0.022362918987176503,37
2026-04-23,-0.06538270372631136,1.4995596058916316,0.0015256151338763379,0.14882990594566292,0.06679147919879427,37
2026-04-24,-0.051507784694266756,1.7182566514830153,0.008728357334437635,0.2310257346603267,0.12762412407330573,37
2026-04-27,-0.04948504540331843,1.865254496143517,0.022350197698273448,0.3381419614404814,0.22087974416752187,37
2026-04-28,-0.034944414773198984,1.859876024803214,0.04803259033084556,0.4130562135972566,0.3046626131367271,37
2026-04-29,-0.017828176579412908,2.0242885594595785,0.09194743143721587,0.5383989541364995,0.44686641051125137,37
2026-04-30,-0.010602322403357817,2.122952742740564,0.15670797230726005,0.6797340107970907,0.5996182393453402,37
2026-05-06,-0.005782540209933298,2.4059850836563306,0.25496685436007926,0.9097115746970632,0.8560467977860426,37
2026-05-07,-0.0037019955757598344,2.7501875506197915,0.3621018991554242,1.1923200178353994,1.1542835518851515,37
2026-05-08,-0.0019406457930328624,2.9290083082243132,0.4434352011036105,1.4653765237132115,1.4337835721055912,37
2026-04-22,-0.08973866141095911,0.9921760114522774,-0.00015017037036501316,0.02960666030341655,0.004233769388081581,39
2026-04-23,-0.06747230440642567,1.2827863209997408,1.0529708203857603e-05,0.07529235893428679,0.022705032331669588,39
2026-04-24,-0.055451223749697326,1.4913594589124626,0.0014102156775564788,0.13392023913136034,0.05725395462138923,39
2026-04-27,-0.05358221689507493,1.6344454813410811,0.0068506398217649984,0.211602914574109,0.11617463679139817,39
2026-04-28,-0.04050008400900125,1.6377206399832733,0.019935151625010576,0.26578529848785465,0.17129183775790544,39
2026-04-29,-0.02444762475548039,1.7785119007081012,0.046212132118243626,0.35812506691506557,0.2700902101113105,39
2026-04-30,-0.01712421521242341,1.8729113682478784,0.09150721828272292,0.47090840120530114,0.3876993289704797,39
2026-05-06,-0.011454983761277408,2.115160052976958,0.16719299289352366,0.6580558036154993,0.5917034820409214,39
2026-05-07,-0.00888756527200972,2.4186358031371666,0.2559698134837581,0.9023033179380783,0.8468196949406982,39
2026-05-08,-0.006055858595682365,2.614738081904378,0.3330485396603095,1.1638762615248994,1.113981751837239,39
2026-04-22,-0.08326291046850194,0.8280685812042293,-0.00233398271582534,0.009639424120671874,0.00020506220877988224,41
2026-04-23,-0.06560221266495517,1.0831206587835898,-0.000244875255853875,0.03269127455549214,0.005022078417995259,41
2026-04-24,-0.056713783045086126,1.283132841112575,1.2620709182113719e-05,0.0681993893813495,0.01957144958446394,41
2026-04-27,-0.056747818587690194,1.4322616828511499,0.0009745833187451644,0.12249731944819259,0.05169848723204989,41
2026-04-28,-0.04497351431672958,1.4647749547671265,0.006013130672842952,0.1683205608545695,0.08951265267603825,41
2026-04-29,-0.029064935896066187,1.6024777532424894,0.020247319468519438,0.24058238734106524,0.15863025758610547,41
2026-04-30,-0.022042068872578945,1.6882398093244342,0.04881945840110464,0.325406663399809,0.2419006708521944,41
2026-05-06,-0.016870327104756555,1.8962715527285385,0.10282221971725965,0.46946318576616985,0.39413854883492355,41
2026-05-07,-0.014527489832958256,2.161289877278424,0.17320414495057784,0.6676384437592922,0.5983994328645773,41
2026-05-08,-0.011323556590983797,2.336730042398799,0.23841414264415764,0.8892934210253012,0.8236720464084366,41
2026-04-22,-0.07340501450669815,0.696473220864133,-0.008109788036470503,0.0024156939039080717,-1.2517648927216479e-05,43
2026-04-23,-0.06047273595812924,0.9159444048863615,-0.00253230703851299,0.012668228486101054,0.00048660900998518606,43
2026-04-24,-0.05489595245700756,1.0930907676038557,-0.00018805044069940778,0.031347088905327614,0.004709064920499293,43
2026-04-27,-0.05650448209016944,1.2388528692409406,3.2891135192695327e-06,0.06409175035552253,0.018536857360114792,43
2026-04-28,-0.047238592195941835,1.295754353105956,0.0008629679168928241,0.09615401119747777,0.03885469042228642,43
2026-04-29,-0.033126604572119425,1.4393475532882531,0.006346244895105236,0.15131269003985115,0.08220718294374611,43
2026-04-30,-0.02648194402735809,1.5382561150305396,0.022228366569357793,0.2221257192603474,0.14340404948829527,43
2026-05-06,-0.021071856090460885,1.7330968521908758,0.05916865667270388,0.33793353901861284,0.2580408611248606,43
2026-05-07,-0.01899347308186653,1.9639113623761308,0.11158453520035706,0.4937511750700517,0.4136413706796602,43
2026-05-08,-0.016347933419424077,2.1195299312058666,0.16328360764154531,0.6727969294864037,0.593412469671199,43
2026-04-22,-0.06499047206113462,0.5890599880786597,-0.01799056074092987,0.00033269729905809406,-0.0007128967976467911,45
2026-04-23,-0.054219594733321094,0.7784751211977484,-0.008263559286168152,0.004164016394063423,2.0892934978145617e-08,45
2026-04-24,-0.05002106885346096,0.9366057541143077,-0.0020933731758086675,0.013414270054910186,0.0005946138038970177,45
2026-04-27,-0.05328524641222918,1.0712133931749046,-0.00021938896448488453,0.03185101924726577,0.0052052348619262825,45
2026-04-28,-0.046835196250307576,1.1333013519066006,3.3176754326000617e-06,0.05119043464084015,0.014020659320547076,45
2026-04-29,-0.03480873765604655,1.2750157470415489,0.0010616134870843645,0.08779958876396683,0.03696624095098874,45
2026-04-30,-0.029499488765838397,1.3857486645050985,0.007688079290220248,0.13979326594144398,0.07479048417678393,45
2026-05-06,-0.024974976839348406,1.5775065266136679,0.029258949798427726,0.2315254145674194,0.15520781272569137,45
2026-05-07,-0.023152975376146592,1.7994848915468509,0.066354791282885,0.36267901061283986,0.2774579752387575,45
2026-05-08,-0.020323878769744376,1.9517639435863714,0.1072458747431157,0.5131374060429194,0.4234092221496516,45
