rank,symbol,name,rt_price,market_cap,target_weight,change_date,今开,最高,最低,成交额,signal_date,effective_date
1,688701,卓锦股份,9.54,1281006128.8799999,0.01,2025-06-30,9.59,9.63,9.27,24862124.0,2026-03-05,2026-03-06
2,688296,和达科技,14.1,1521371106.0,0.01,2025-06-30,13.92,14.19,13.71,25177904.0,2026-03-05,2026-03-06
3,002883,中设股份,9.9,1545955943.4,0.01,2025-06-30,9.41,9.92,9.41,32059711.8,2026-03-05,2026-03-06
4,002856,美芝股份,11.59,1568275444.72,0.01,2025-06-30,11.25,11.65,10.99,48693100.64,2026-03-05,2026-03-06
5,688659,元琛科技,9.84,1574400000.0,0.01,2025-11-17,9.84,9.92,9.65,34147016.0,2026-03-05,2026-03-06
6,301098,金埔园林,8.56,1574488556.24,0.01,2025-12-31,8.42,8.62,8.3,39893173.0,2026-03-05,2026-03-06
7,688217,睿昂基因,28.22,1576253385.12,0.01,2025-06-30,27.6,28.34,27.45,21979963.0,2026-03-05,2026-03-06
8,600543,莫高股份,4.94,1586332800.0000002,0.01,2025-06-30,4.82,4.97,4.77,25782140.0,2026-03-05,2026-03-06
9,002719,麦趣尔,9.25,1610789977.25,0.01,2025-06-30,8.97,9.31,8.93,41133875.0,2026-03-05,2026-03-06
10,603729,龙韵股份,17.48,1631548240.0,0.01,2026-01-30,16.97,17.58,16.87,39875037.0,2026-03-05,2026-03-06
11,002193,如意集团,6.28,1643573654.0,0.01,2025-06-30,6.19,6.3,6.1,45933490.4,2026-03-05,2026-03-06
12,600455,博通股份,26.79,1673249820.0,0.01,2025-06-30,26.36,27.08,26.17,34285731.0,2026-03-05,2026-03-06
13,300665,飞鹿股份,7.65,1674934834.5,0.01,2025-08-20,7.51,7.86,7.4,65917609.8,2026-03-05,2026-03-06
14,300417,南华仪器,12.69,1707607008.0,0.01,2025-06-30,12.36,12.72,12.22,44803830.0,2026-03-05,2026-03-06
15,688671,碧兴物联,21.75,1707786075.0,0.01,2025-08-11,21.4,21.84,21.07,22153394.0,2026-03-05,2026-03-06
16,300621,维业股份,8.27,1720628909.0,0.01,2025-06-30,8.09,8.3,8.01,32106877.0,2026-03-05,2026-03-06
17,688004,博汇科技,21.95,1757931600.0,0.01,2025-10-06,21.66,22.14,21.26,27339699.0,2026-03-05,2026-03-06
18,300929,华骐环保,13.47,1779830917.3200002,0.01,2025-06-30,13.01,13.92,12.99,118282867.25,2026-03-05,2026-03-06
19,600476,湘邮科技,11.08,1784655600.0,0.01,2025-06-30,10.69,11.12,10.6,35324105.0,2026-03-05,2026-03-06
20,688078,龙软科技,24.52,1787336360.0,0.01,2025-06-30,23.99,24.65,23.95,18223868.0,2026-03-05,2026-03-06
21,688067,爱威科技,26.63,1810840000.0,0.01,2025-06-30,26.8,27.1,26.08,37958153.0,2026-03-05,2026-03-06
22,301372,科净源,26.42,1811657180.6000001,0.01,2025-06-30,26.19,26.59,25.8,23242035.0,2026-03-05,2026-03-06
23,688528,秦川物联,10.87,1826159999.9999998,0.01,2025-06-30,10.64,10.89,10.56,21684894.0,2026-03-05,2026-03-06
24,301167,建研设计,16.36,1832320000.0,0.01,2025-06-30,16.01,16.44,15.94,41321372.0,2026-03-05,2026-03-06
25,300295,三六五网,9.82,1862006671.48,0.01,2025-06-30,9.7,9.86,9.53,32583714.0,2026-03-05,2026-03-06
26,300405,科隆股份,6.56,1865484721.76,0.01,2025-06-30,6.45,6.62,6.36,55326017.0,2026-03-05,2026-03-06
27,688329,艾隆科技,24.49,1890627999.9999998,0.01,2025-06-30,23.88,24.69,23.88,39384143.0,2026-03-05,2026-03-06
28,300635,中达安,13.58,1901390120.0,0.01,2026-01-21,13.57,13.78,13.36,47697511.0,2026-03-05,2026-03-06
29,688573,信宇人,19.57,1913053373.16,0.01,2025-08-18,19.55,19.96,19.21,25964634.0,2026-03-05,2026-03-06
30,600561,江西长运,6.73,1914528864.0000002,0.01,2025-06-30,6.63,6.74,6.45,37415875.0,2026-03-05,2026-03-06
31,300649,杭州园林,14.46,1914744166.14,0.01,2025-06-30,14.35,14.54,14.08,29372118.0,2026-03-05,2026-03-06
32,300500,启迪设计,11.05,1922422302.45,0.01,2025-06-30,10.75,11.08,10.62,64548640.8,2026-03-05,2026-03-06
33,600883,博闻科技,8.18,1931199840.0,0.01,2025-06-30,7.98,8.2,7.86,32950477.0,2026-03-05,2026-03-06
34,600697,欧亚集团,12.18,1937692753.5,0.01,2025-06-30,11.98,12.22,11.81,32452206.0,2026-03-05,2026-03-06
35,688681,科汇股份,18.79,1966749300.0,0.01,2025-11-24,18.36,18.88,18.29,33598027.0,2026-03-05,2026-03-06
36,603717,天域生物,6.87,1993304668.8,0.01,2025-06-30,6.7,6.9,6.6,38924944.0,2026-03-05,2026-03-06
37,688021,奥福科技,26.1,1994398013.7,0.01,2025-06-30,26.65,27.08,25.96,72557202.0,2026-03-05,2026-03-06
38,688565,力源科技,13.39,2004884700.0,0.01,2025-06-30,13.37,13.48,13.08,30806812.0,2026-03-05,2026-03-06
39,600493,凤竹纺织,7.51,2042720000.0,0.01,2025-06-30,7.23,7.53,7.23,45870718.0,2026-03-05,2026-03-06
40,600778,友好集团,6.6,2055842923.1999998,0.01,2025-06-30,6.52,6.61,6.41,37244958.0,2026-03-05,2026-03-06
41,002494,华斯股份,5.45,2056343413.1000001,0.01,2025-06-30,5.28,5.47,5.28,75654344.0,2026-03-05,2026-03-06
42,688193,仁度生物,51.39,2059190619.3,0.01,2025-09-30,51.3,51.75,50.0,18609698.0,2026-03-05,2026-03-06
43,001211,双枪科技,28.66,2063520000.0,0.01,2025-06-30,28.52,29.06,28.0,53355795.0,2026-03-05,2026-03-06
44,300670,大烨智能,6.53,2069490727.8700001,0.01,2025-06-30,6.5,6.6,6.31,45983573.5,2026-03-05,2026-03-06
45,603879,永悦科技,5.76,2069823974.4000003,0.01,2025-06-30,5.69,5.79,5.64,35761023.0,2026-03-05,2026-03-06
46,301336,趣睡科技,51.77,2070800000.0000002,0.01,2025-08-12,51.41,52.8,51.11,37454352.53,2026-03-05,2026-03-06
47,301037,保立佳,14.92,2074352755.12,0.01,2025-08-04,14.84,15.0,14.58,32259550.9,2026-03-05,2026-03-06
48,688695,中创股份,24.44,2078655678.3200002,0.01,2026-03-13,23.98,24.55,23.7,20820741.0,2026-03-05,2026-03-06
49,603880,南卫股份,7.2,2081102400.0,0.01,2025-06-30,7.09,7.39,7.07,59253957.0,2026-03-05,2026-03-06
50,300169,天晟新材,6.4,2086299776.0,0.01,2025-06-30,6.26,6.4,6.18,46030796.0,2026-03-05,2026-03-06
51,688096,京源环保,8.87,2093713863.4799998,0.01,2025-12-31,9.12,9.16,8.6,94143991.0,2026-03-05,2026-03-06
52,600847,万里股份,13.66,2093905884.0,0.01,2025-06-30,13.88,13.96,13.54,48049670.0,2026-03-05,2026-03-06
53,603860,中公高科,31.6,2107088000.0,0.01,2025-12-31,30.72,31.75,30.7,40999786.0,2026-03-05,2026-03-06
54,300838,浙江力诺,15.3,2111063400.0,0.01,2025-06-30,15.0,15.35,14.9,28599437.0,2026-03-05,2026-03-06
55,688793,倍轻松,24.59,2113397853.21,0.01,2025-06-30,27.6,27.7,23.61,135417461.0,2026-03-05,2026-03-06
56,300535,达威股份,19.75,2113642294.25,0.01,2026-01-15,19.46,20.0,19.3,45960678.0,2026-03-05,2026-03-06
57,688058,宝兰德,27.88,2114322846.72,0.01,2026-01-09,27.62,28.03,27.15,39951437.0,2026-03-05,2026-03-06
58,300958,建工修复,13.49,2114376450.71,0.01,2025-06-30,13.24,13.6,13.13,35380749.0,2026-03-05,2026-03-06
59,603779,威龙股份,6.37,2115367142.98,0.01,2025-06-30,6.28,6.39,6.15,37706928.0,2026-03-05,2026-03-06
60,603022,新通联,10.58,2116000000.0,0.01,2025-06-30,10.33,10.59,10.23,42890671.0,2026-03-05,2026-03-06
61,301049,超越科技,22.48,2118814948.32,0.01,2025-06-30,22.48,22.85,22.05,27394709.19,2026-03-05,2026-03-06
62,688189,南新制药,7.74,2123856000.0,0.01,2025-06-30,7.69,7.85,7.59,39905993.0,2026-03-05,2026-03-06
63,600448,华纺股份,3.38,2128790457.56,0.01,2025-06-30,3.33,3.41,3.29,93490677.0,2026-03-05,2026-03-06
64,300106,西部牧业,10.09,2132343007.8999999,0.01,2025-06-30,10.06,10.16,9.92,46841487.0,2026-03-05,2026-03-06
65,300823,建科智能,16.31,2136328277.37,0.01,2025-06-30,15.46,16.46,15.45,46287202.6,2026-03-05,2026-03-06
66,301273,瑞晨环保,29.82,2136358237.44,0.01,2025-10-27,29.72,30.17,29.15,37932450.0,2026-03-05,2026-03-06
67,300220,金运激光,14.13,2136456000.0,0.01,2025-06-30,13.79,14.16,13.79,23506906.0,2026-03-05,2026-03-06
68,603908,牧高笛,22.97,2139126914.36,0.01,2025-11-27,22.6,23.09,22.43,25926870.0,2026-03-05,2026-03-06
69,688670,金迪克,17.39,2142448000.0,0.01,2025-06-30,17.6,17.62,17.12,21297748.0,2026-03-05,2026-03-06
70,300717,华信新材,20.86,2143886500.0,0.01,2025-06-30,20.4,20.91,20.01,32110655.0,2026-03-05,2026-03-06
71,001336,楚环科技,26.72,2147579920.0,0.01,2025-07-25,26.04,26.8,26.04,40665619.12,2026-03-05,2026-03-06
72,688420,美腾科技,24.31,2149733300.0,0.01,2025-12-09,24.07,24.5,23.9,14529275.0,2026-03-05,2026-03-06
73,688466,金科环境,17.61,2151134616.72,0.01,2026-01-28,17.4,17.72,17.24,21018534.0,2026-03-05,2026-03-06
74,301139,元道通信,17.7,2151980160.0,0.01,2025-06-30,17.28,17.77,17.1,40183352.0,2026-03-05,2026-03-06
75,300614,百川畅银,13.42,2153113912.18,0.01,2025-12-31,13.43,13.55,13.06,43639455.0,2026-03-05,2026-03-06
76,002715,登云股份,15.61,2154180000.0,0.01,2025-06-30,15.33,15.65,15.2,39671195.0,2026-03-05,2026-03-06
77,301024,霍普股份,33.96,2159346600.0,0.01,2025-06-30,34.5,34.86,33.31,35005858.0,2026-03-05,2026-03-06
78,002591,恒大高新,7.2,2161436284.8,0.01,2025-06-30,7.01,7.22,6.97,59255363.0,2026-03-05,2026-03-06
79,300556,丝路视觉,17.79,2162646918.27,0.01,2026-02-27,17.38,17.84,17.22,45943758.94,2026-03-05,2026-03-06
80,300886,华业香料,28.95,2165402100.0,0.01,2025-06-30,28.34,29.02,28.11,30051060.0,2026-03-05,2026-03-06
81,301030,仕净科技,10.7,2165501631.0,0.01,2025-06-30,10.9,11.07,10.47,93379779.4,2026-03-05,2026-03-06
82,603709,中源家居,17.18,2166006296.0,0.01,2025-10-31,16.81,17.25,16.73,24564939.0,2026-03-05,2026-03-06
83,000610,西安旅游,9.17,2170978252.17,0.01,2025-06-30,9.13,9.26,9.02,37380086.0,2026-03-05,2026-03-06
84,300923,研奥股份,27.63,2171718000.0,0.01,2025-06-30,26.68,27.74,26.57,35776641.0,2026-03-05,2026-03-06
85,300013,新宁物流,3.89,2172016097.66,0.01,2025-06-30,3.84,3.9,3.79,44426964.5,2026-03-05,2026-03-06
86,600303,曙光股份,3.21,2194369517.3100004,0.01,2025-06-30,3.15,3.22,3.11,53420030.0,2026-03-05,2026-03-06
87,300103,达刚控股,6.92,2197798920.0,0.01,2025-06-30,6.89,7.01,6.82,56719400.0,2026-03-05,2026-03-06
88,600119,长江投资,6.06,2213538442.2,0.01,2025-06-30,5.91,6.06,5.84,32491851.0,2026-03-05,2026-03-06
89,002910,庄园牧场,11.33,2215460801.51,0.01,2025-06-30,11.14,11.35,11.01,34227426.0,2026-03-05,2026-03-06
90,605567,春雪食品,11.08,2216000000.0,0.01,2025-06-30,10.65,11.1,10.65,40228832.0,2026-03-05,2026-03-06
91,688638,誉辰智能,39.61,2218160000.0,0.01,2025-07-14,40.39,41.48,39.1,48136298.0,2026-03-05,2026-03-06
92,600137,浪莎股份,22.84,2220449709.92,0.01,2025-06-30,22.26,23.15,22.24,107981254.0,2026-03-05,2026-03-06
93,300675,建科院,15.14,2220533838.0,0.01,2025-12-31,15.08,15.17,14.73,33550505.0,2026-03-05,2026-03-06
94,002820,桂发祥,11.07,2223612025.65,0.01,2025-06-30,10.97,11.18,10.88,37526257.0,2026-03-05,2026-03-06
95,688393,安必平,23.77,2224104205.23,0.01,2025-06-30,23.24,23.96,23.24,26733029.0,2026-03-05,2026-03-06
96,002188,中天服务,6.81,2227577313.8399997,0.01,2025-06-30,6.66,6.87,6.6,68408602.0,2026-03-05,2026-03-06
97,002316,亚联发展,5.68,2232921600.0,0.01,2025-12-31,5.54,5.73,5.5,133218812.0,2026-03-05,2026-03-06
98,603214,爱婴室,16.13,2234650780.68,0.01,2025-06-30,15.75,16.15,15.73,40411633.0,2026-03-05,2026-03-06
99,300163,先锋新材,4.72,2237280000.0,0.01,2025-06-30,4.63,4.75,4.58,70354648.0,2026-03-05,2026-03-06
100,688395,正弦电气,26.01,2252406697.2000003,0.01,2025-06-30,25.58,26.22,25.45,29521385.0,2026-03-05,2026-03-06
