overheat_enabled,enter_threshold,exit_threshold,derisk_scale,segment,start,end,rows,trigger_count,overlay_days,avg_weight,avg_turnover,cagr,vol,sharpe,max_dd,calmar,final_nav
True,0.28,0.26,0.0,last_1y,2025-05-06,2026-04-30,242,0,0,0.7453512396694215,0.1797520661157025,1.0060285994077138,0.2009478912996212,3.5367165126858144,-0.0718245032646101,14.006760279307239,1.9822738796720243
True,0.28,0.26,0.0,last_3y,2023-05-04,2026-04-30,726,2,10,0.6439546838951058,0.19464824168364914,0.4525520501656757,0.19629995337477363,2.0072548695624226,-0.12792186195221633,3.537722506999789,3.0530260818998567
True,0.28,0.26,0.0,last_5y,2021-05-06,2026-04-30,1210,2,10,0.7427777690147495,0.21906167228291676,0.3432585094591576,0.18779642618443196,1.671591036691003,-0.1771841826602938,1.9372976995202198,4.351159372498042
True,0.28,0.26,0.0,last_10y,2016-05-04,2026-04-30,2428,3,11,0.7605668786339043,0.23932730200515773,0.2996877531030635,0.19297131688598274,1.4595519762526339,-0.19846281242803088,1.5100448766024623,13.708430418648044
True,0.28,0.26,0.0,full_common,2010-09-29,2026-04-30,3785,8,48,0.7626453410774079,0.23740890840770704,0.28767045886982734,0.21415391536423609,1.2933697077378343,-0.32525154433746906,0.8844553204376212,51.42568851189347
True,0.28,0.26,0.25,last_1y,2025-05-06,2026-04-30,242,0,0,0.7453512396694215,0.1797520661157025,1.0060285994077138,0.2009478912996212,3.5367165126858144,-0.0718245032646101,14.006760279307239,1.9822738796720243
True,0.28,0.26,0.25,last_3y,2023-05-04,2026-04-30,726,2,10,0.6458322535662803,0.1946265828411969,0.45048656385476726,0.19640695132335273,1.9989804142808179,-0.12792186195221633,3.5215760385276527,3.0400650668340816
True,0.28,0.26,0.25,last_5y,2021-05-06,2026-04-30,1210,2,10,0.7439043108174541,0.2190486769774454,0.34211213884885927,0.1878620263583398,1.6665027827703933,-0.1771841826602938,1.9308277618932468,4.3326873907109045
True,0.28,0.26,0.25,last_10y,2016-05-04,2026-04-30,2428,3,11,0.7612040845624353,0.23902337109612637,0.2980511525246179,0.1930120557496562,1.4527255754423056,-0.19846281242803088,1.5017984925145662,13.536995324172123
True,0.28,0.26,0.25,full_common,2010-09-29,2026-04-30,3785,8,48,0.764802652036245,0.2372135352389264,0.29151172261751257,0.2144150201045476,1.3060275720987709,-0.32525154433746895,0.8962654526708437,53.869096476054786
True,0.28,0.26,0.5,last_1y,2025-05-06,2026-04-30,242,0,0,0.7453512396694215,0.1797520661157025,1.0060285994077138,0.2009478912996212,3.5367165126858144,-0.0718245032646101,14.006760279307239,1.9822738796720243
True,0.28,0.26,0.5,last_3y,2023-05-04,2026-04-30,726,2,10,0.6473836711424453,0.19456913151241825,0.44810548977146025,0.19670299717288864,1.9878692275095688,-0.12792186195221633,3.502962534573212,3.025169225736677
True,0.28,0.26,0.5,last_5y,2021-05-06,2026-04-30,1210,2,10,0.744835161363153,0.21901420618017825,0.340789802538928,0.18804602652705252,1.6597867401739346,-0.1771841826602938,1.923364701195179,4.311457903355229
True,0.28,0.26,0.5,last_10y,2016-05-04,2026-04-30,2428,3,11,0.7616790304255329,0.2386930626408562,0.2962986023754275,0.19313826831249375,1.4448762259994647,-0.19846281242803088,1.4929678701538862,13.35555575211144
True,0.28,0.26,0.5,full_common,2010-09-29,2026-04-30,3785,8,48,0.7663443775340116,0.2369100121704329,0.2952111889802289,0.2150790336195604,1.3160319283513022,-0.3252515443374694,0.9076396226851681,56.32464871570519
True,0.28,0.24,0.0,last_1y,2025-05-06,2026-04-30,242,0,0,0.7453512396694215,0.1797520661157025,1.0060285994077138,0.2009478912996212,3.5367165126858144,-0.0718245032646101,14.006760279307239,1.9822738796720243
True,0.28,0.24,0.0,last_3y,2023-05-04,2026-04-30,726,2,11,0.6421334288491004,0.19465506332273858,0.45473403957912173,0.19627364229277555,2.015194548226706,-0.12792186195221633,3.5547797119227527,3.0667580484958807
True,0.28,0.24,0.0,last_5y,2021-05-06,2026-04-30,1210,2,11,0.7416850159871462,0.21906576526637037,0.3444688327222778,0.18778152072717283,1.6765342163325514,-0.1771841826602938,1.94412857598418,4.370730111022474
True,0.28,0.24,0.0,last_10y,2016-05-04,2026-04-30,2428,3,12,0.7600223023722075,0.2393293417539134,0.30027186944285567,0.19296440187071778,1.4619372122129994,-0.19846281242803088,1.512988079576591,13.770088492815447
True,0.28,0.24,0.0,full_common,2010-09-29,2026-04-30,3785,8,49,0.762296006556034,0.2374102168647688,0.2880413273799034,0.2141499451804686,1.2947421645592379,-0.32525154433746906,0.885595571780106,51.65699208345797
True,0.28,0.24,0.25,last_1y,2025-05-06,2026-04-30,242,0,0,0.7453512396694215,0.1797520661157025,1.0060285994077138,0.2009478912996212,3.5367165126858144,-0.0718245032646101,14.006760279307239,1.9822738796720243
True,0.28,0.24,0.25,last_3y,2023-05-04,2026-04-30,726,2,11,0.6444699401571106,0.19462500249473183,0.45212620721389385,0.19637304965106292,2.005081630071927,-0.12792186195221633,3.534393576781896,3.050350895709452
True,0.28,0.24,0.25,last_5y,2021-05-06,2026-04-30,1210,2,11,0.7430869227719523,0.21904772876956638,0.3430222147063262,0.18784195381244984,1.6702913842125926,-0.1771841826602938,1.935964088645459,4.347346708880606
True,0.28,0.24,0.25,last_10y,2016-05-04,2026-04-30,2428,3,12,0.7607967371427247,0.23902289855430858,0.2984902120352073,0.19300255962510424,1.4545482539869312,-0.19846281242803088,1.5040107936767733,13.58279671800087
True,0.28,0.24,0.25,full_common,2010-09-29,2026-04-30,3785,8,49,0.7645413470071678,0.23721323211302586,0.2917916810158576,0.2144095392220721,1.3070721595498491,-0.32525154433746895,0.8971261969262332,54.05135846579585
True,0.28,0.24,0.5,last_1y,2025-05-06,2026-04-30,242,0,0,0.7453512396694215,0.1797520661157025,1.0060285994077138,0.2009478912996212,3.5367165126858144,-0.0718245032646101,14.006760279307239,1.9822738796720243
True,0.28,0.24,0.5,last_3y,2023-05-04,2026-04-30,726,2,11,0.6464774805707207,0.1945517436371207,0.4492043900157494,0.19667115478327368,1.9920407109280032,-0.12792186195221633,3.511552936772796,3.0320378220118194
True,0.28,0.24,0.5,last_5y,2021-05-06,2026-04-30,1210,2,11,0.7442914470201184,0.21900377345499972,0.34140018792022886,0.18802683653607702,1.6623721076368498,-0.1771841826602938,1.9268096214591461,4.321246996620984
True,0.28,0.24,0.5,last_10y,2016-05-04,2026-04-30,2428,3,12,0.7614080689942843,0.2386878634656231,0.29659298726151806,0.1931291206040798,1.4461168597847815,-0.19846281242803088,1.4944511953294646,13.385879318710975
True,0.28,0.24,0.5,full_common,2010-09-29,2026-04-30,3785,8,49,0.7661705613239529,0.2369066770059769,0.29539969415433176,0.21507375407512616,1.3167394508646226,-0.3252515443374694,0.9082191900304571,56.45253289126673
True,0.32,0.3,0.0,last_1y,2025-05-06,2026-04-30,242,0,0,0.7453512396694215,0.1797520661157025,1.0060285994077138,0.2009478912996212,3.5367165126858144,-0.0718245032646101,14.006760279307239,1.9822738796720243
True,0.32,0.3,0.0,last_3y,2023-05-04,2026-04-30,726,1,4,0.6495712902930444,0.19435701264262956,0.44243681757270714,0.19784882504540774,1.957572403012051,-0.12792186195221633,3.458648981657053,2.9899020416457622
True,0.32,0.3,0.0,last_5y,2021-05-06,2026-04-30,1210,1,4,0.7461477328535125,0.21888693485830502,0.3376381843769225,0.1887617065081248,1.6416806459718938,-0.1771841826602938,1.9055774579171043,4.261195267372994
True,0.32,0.3,0.0,last_10y,2016-05-04,2026-04-30,2428,1,4,0.7621748045011207,0.23801635746005426,0.29244269784016175,0.19364835406373443,1.4261365514091284,-0.19846281242803088,1.4735390185312982,12.964039569253138
True,0.32,0.3,0.0,full_common,2010-09-29,2026-04-30,3785,6,29,0.7642726376257367,0.23688000795757005,0.2888713141324073,0.21486358356873245,1.2941722296774703,-0.3252515443374696,0.8881474021002174,52.1781711325598
True,0.32,0.3,0.25,last_1y,2025-05-06,2026-04-30,242,0,0,0.7453512396694215,0.1797520661157025,1.0060285994077138,0.2009478912996212,3.5367165126858144,-0.0718245032646101,14.006760279307239,1.9822738796720243
True,0.32,0.3,0.25,last_3y,2023-05-04,2026-04-30,726,1,4,0.6495712902930443,0.19435701264262956,0.44243681757270714,0.19784882504540774,1.957572403012051,-0.12792186195221633,3.458648981657053,2.9899020416457622
True,0.32,0.3,0.25,last_5y,2021-05-06,2026-04-30,1210,1,4,0.7461477328535125,0.21888693485830502,0.3376381843769225,0.1887617065081248,1.6416806459718938,-0.1771841826602938,1.9055774579171043,4.261195267372994
True,0.32,0.3,0.25,last_10y,2016-05-04,2026-04-30,2428,1,4,0.7621748045011207,0.23801635746005426,0.29244269784016175,0.1936483540637344,1.4261365514091286,-0.19846281242803088,1.4735390185312982,12.96403956925314
True,0.32,0.3,0.25,full_common,2010-09-29,2026-04-30,3785,6,29,0.7657811726521959,0.2368779539868425,0.29211316878005733,0.2150672172212162,1.3048977610788162,-0.3252515443374686,0.898114625020725,54.26136922702066
True,0.32,0.3,0.5,last_1y,2025-05-06,2026-04-30,242,0,0,0.7453512396694215,0.1797520661157025,1.0060285994077138,0.2009478912996212,3.5367165126858144,-0.0718245032646101,14.006760279307239,1.9822738796720243
True,0.32,0.3,0.5,last_3y,2023-05-04,2026-04-30,726,1,4,0.6495712902930443,0.19435701264262956,0.44243681757270714,0.19784882504540774,1.957572403012051,-0.12792186195221633,3.458648981657053,2.9899020416457622
True,0.32,0.3,0.5,last_5y,2021-05-06,2026-04-30,1210,1,4,0.7461477328535125,0.21888693485830502,0.3376381843769225,0.1887617065081248,1.6416806459718938,-0.1771841826602938,1.9055774579171043,4.261195267372994
True,0.32,0.3,0.5,last_10y,2016-05-04,2026-04-30,2428,1,4,0.7621748045011207,0.23801635746005426,0.29244269784016175,0.1936483540637344,1.4261365514091286,-0.19846281242803088,1.4735390185312982,12.964039569253138
True,0.32,0.3,0.5,full_common,2010-09-29,2026-04-30,3785,6,29,0.7666793402866364,0.23675528213372043,0.29538229054116405,0.2154948360187934,1.3145285437884875,-0.32525154433746906,0.9081656818658675,56.44071469535985
True,0.32,0.28,0.0,last_1y,2025-05-06,2026-04-30,242,0,0,0.7453512396694215,0.1797520661157025,1.0060285994077138,0.2009478912996212,3.5367165126858144,-0.0718245032646101,14.006760279307239,1.9822738796720243
True,0.32,0.28,0.0,last_3y,2023-05-04,2026-04-30,726,1,4,0.6495712902930444,0.19435701264262956,0.44243681757270714,0.19784882504540774,1.957572403012051,-0.12792186195221633,3.458648981657053,2.9899020416457622
True,0.32,0.28,0.0,last_5y,2021-05-06,2026-04-30,1210,1,4,0.7461477328535125,0.21888693485830502,0.3376381843769225,0.1887617065081248,1.6416806459718938,-0.1771841826602938,1.9055774579171043,4.261195267372994
True,0.32,0.28,0.0,last_10y,2016-05-04,2026-04-30,2428,1,4,0.7621748045011207,0.23801635746005426,0.29244269784016175,0.19364835406373443,1.4261365514091284,-0.19846281242803088,1.4735390185312982,12.964039569253138
True,0.32,0.28,0.0,full_common,2010-09-29,2026-04-30,3785,6,31,0.7642726376257367,0.23688000795757005,0.2888713141324073,0.21486358356873245,1.2941722296774703,-0.3252515443374696,0.8881474021002174,52.1781711325598
True,0.32,0.28,0.25,last_1y,2025-05-06,2026-04-30,242,0,0,0.7453512396694215,0.1797520661157025,1.0060285994077138,0.2009478912996212,3.5367165126858144,-0.0718245032646101,14.006760279307239,1.9822738796720243
True,0.32,0.28,0.25,last_3y,2023-05-04,2026-04-30,726,1,4,0.6495712902930443,0.19435701264262956,0.44243681757270714,0.19784882504540774,1.957572403012051,-0.12792186195221633,3.458648981657053,2.9899020416457622
True,0.32,0.28,0.25,last_5y,2021-05-06,2026-04-30,1210,1,4,0.7461477328535125,0.21888693485830502,0.3376381843769225,0.1887617065081248,1.6416806459718938,-0.1771841826602938,1.9055774579171043,4.261195267372994
True,0.32,0.28,0.25,last_10y,2016-05-04,2026-04-30,2428,1,4,0.7621748045011207,0.23801635746005426,0.29244269784016175,0.1936483540637344,1.4261365514091286,-0.19846281242803088,1.4735390185312982,12.96403956925314
True,0.32,0.28,0.25,full_common,2010-09-29,2026-04-30,3785,6,31,0.7657811726521959,0.2368779539868425,0.29211316878005733,0.2150672172212162,1.3048977610788162,-0.3252515443374686,0.898114625020725,54.26136922702066
True,0.32,0.28,0.5,last_1y,2025-05-06,2026-04-30,242,0,0,0.7453512396694215,0.1797520661157025,1.0060285994077138,0.2009478912996212,3.5367165126858144,-0.0718245032646101,14.006760279307239,1.9822738796720243
True,0.32,0.28,0.5,last_3y,2023-05-04,2026-04-30,726,1,4,0.6495712902930443,0.19435701264262956,0.44243681757270714,0.19784882504540774,1.957572403012051,-0.12792186195221633,3.458648981657053,2.9899020416457622
True,0.32,0.28,0.5,last_5y,2021-05-06,2026-04-30,1210,1,4,0.7461477328535125,0.21888693485830502,0.3376381843769225,0.1887617065081248,1.6416806459718938,-0.1771841826602938,1.9055774579171043,4.261195267372994
True,0.32,0.28,0.5,last_10y,2016-05-04,2026-04-30,2428,1,4,0.7621748045011207,0.23801635746005426,0.29244269784016175,0.1936483540637344,1.4261365514091286,-0.19846281242803088,1.4735390185312982,12.964039569253138
True,0.32,0.28,0.5,full_common,2010-09-29,2026-04-30,3785,6,31,0.7666793402866364,0.23675528213372043,0.29538229054116405,0.2154948360187934,1.3145285437884875,-0.32525154433746906,0.9081656818658675,56.44071469535985
True,0.36,0.34,0.0,last_1y,2025-05-06,2026-04-30,242,0,0,0.7453512396694215,0.1797520661157025,1.0060285994077138,0.2009478912996212,3.5367165126858144,-0.0718245032646101,14.006760279307239,1.9822738796720243
True,0.36,0.34,0.0,last_3y,2023-05-04,2026-04-30,726,1,2,0.6495712902930443,0.19435701264262956,0.44243681757270714,0.19784882504540774,1.957572403012051,-0.12792186195221633,3.458648981657053,2.9899020416457622
True,0.36,0.34,0.0,last_5y,2021-05-06,2026-04-30,1210,1,2,0.7461477328535125,0.21888693485830502,0.3376381843769225,0.1887617065081248,1.6416806459718938,-0.1771841826602938,1.9055774579171043,4.261195267372994
True,0.36,0.34,0.0,last_10y,2016-05-04,2026-04-30,2428,1,2,0.7621748045011207,0.23801635746005426,0.2924426978401615,0.19364835406373443,1.4261365514091282,-0.19846281242803088,1.473539018531297,12.96403956925313
True,0.36,0.34,0.0,full_common,2010-09-29,2026-04-30,3785,5,14,0.7643187354006866,0.23759017197173815,0.3118486500844224,0.21598115921422453,1.3708149275376333,-0.3252515443374694,0.9587922194793929,68.71982059724988
True,0.36,0.34,0.25,last_1y,2025-05-06,2026-04-30,242,0,0,0.7453512396694215,0.1797520661157025,1.0060285994077138,0.2009478912996212,3.5367165126858144,-0.0718245032646101,14.006760279307239,1.9822738796720243
True,0.36,0.34,0.25,last_3y,2023-05-04,2026-04-30,726,1,2,0.6495712902930443,0.19435701264262956,0.44243681757270714,0.19784882504540774,1.957572403012051,-0.12792186195221633,3.458648981657053,2.9899020416457622
True,0.36,0.34,0.25,last_5y,2021-05-06,2026-04-30,1210,1,2,0.7461477328535125,0.21888693485830502,0.3376381843769225,0.1887617065081248,1.6416806459718938,-0.1771841826602938,1.9055774579171043,4.261195267372994
True,0.36,0.34,0.25,last_10y,2016-05-04,2026-04-30,2428,1,2,0.7621748045011207,0.23801635746005426,0.2924426978401615,0.19364835406373443,1.4261365514091282,-0.19846281242803088,1.473539018531297,12.96403956925313
True,0.36,0.34,0.25,full_common,2010-09-29,2026-04-30,3785,5,14,0.7651128573809018,0.23717720952398466,0.30957176018550125,0.21598491024998248,1.3627061056118668,-0.32525154433746917,0.9517918225910124,66.88443663599274
True,0.36,0.34,0.5,last_1y,2025-05-06,2026-04-30,242,0,0,0.7453512396694215,0.1797520661157025,1.0060285994077138,0.2009478912996212,3.5367165126858144,-0.0718245032646101,14.006760279307239,1.9822738796720243
True,0.36,0.34,0.5,last_3y,2023-05-04,2026-04-30,726,1,2,0.6495712902930443,0.19435701264262956,0.44243681757270714,0.19784882504540774,1.957572403012051,-0.12792186195221633,3.458648981657053,2.9899020416457622
True,0.36,0.34,0.5,last_5y,2021-05-06,2026-04-30,1210,1,2,0.7461477328535125,0.21888693485830502,0.3376381843769225,0.1887617065081248,1.6416806459718938,-0.1771841826602938,1.9055774579171043,4.261195267372994
True,0.36,0.34,0.5,last_10y,2016-05-04,2026-04-30,2428,1,2,0.7621748045011207,0.23801635746005426,0.2924426978401615,0.19364835406373443,1.4261365514091282,-0.19846281242803088,1.473539018531297,12.96403956925313
True,0.36,0.34,0.5,full_common,2010-09-29,2026-04-30,3785,5,14,0.7656898370392213,0.2366800924812401,0.30738871870725304,0.21603934121144927,1.3546549326619253,-0.3252515443374694,0.9450799667481901,65.16786823750554
True,0.36,0.32,0.0,last_1y,2025-05-06,2026-04-30,242,0,0,0.7453512396694215,0.1797520661157025,1.0060285994077138,0.2009478912996212,3.5367165126858144,-0.0718245032646101,14.006760279307239,1.9822738796720243
True,0.36,0.32,0.0,last_3y,2023-05-04,2026-04-30,726,1,3,0.6495712902930443,0.19435701264262956,0.44243681757270714,0.19784882504540774,1.957572403012051,-0.12792186195221633,3.458648981657053,2.9899020416457622
True,0.36,0.32,0.0,last_5y,2021-05-06,2026-04-30,1210,1,3,0.7461477328535125,0.21888693485830502,0.3376381843769225,0.1887617065081248,1.6416806459718938,-0.1771841826602938,1.9055774579171043,4.261195267372994
True,0.36,0.32,0.0,last_10y,2016-05-04,2026-04-30,2428,1,3,0.7621748045011207,0.23801635746005426,0.2924426978401615,0.19364835406373443,1.4261365514091282,-0.19846281242803088,1.473539018531297,12.96403956925313
True,0.36,0.32,0.0,full_common,2010-09-29,2026-04-30,3785,5,15,0.7643187354006866,0.23759017197173815,0.3118486500844224,0.21598115921422453,1.3708149275376333,-0.3252515443374694,0.9587922194793929,68.71982059724988
True,0.36,0.32,0.25,last_1y,2025-05-06,2026-04-30,242,0,0,0.7453512396694215,0.1797520661157025,1.0060285994077138,0.2009478912996212,3.5367165126858144,-0.0718245032646101,14.006760279307239,1.9822738796720243
True,0.36,0.32,0.25,last_3y,2023-05-04,2026-04-30,726,1,3,0.6495712902930443,0.19435701264262956,0.44243681757270714,0.19784882504540774,1.957572403012051,-0.12792186195221633,3.458648981657053,2.9899020416457622
True,0.36,0.32,0.25,last_5y,2021-05-06,2026-04-30,1210,1,3,0.7461477328535125,0.21888693485830502,0.3376381843769225,0.1887617065081248,1.6416806459718938,-0.1771841826602938,1.9055774579171043,4.261195267372994
True,0.36,0.32,0.25,last_10y,2016-05-04,2026-04-30,2428,1,3,0.7621748045011207,0.23801635746005426,0.2924426978401615,0.19364835406373443,1.4261365514091282,-0.19846281242803088,1.473539018531297,12.96403956925313
True,0.36,0.32,0.25,full_common,2010-09-29,2026-04-30,3785,5,15,0.7651128573809018,0.23717720952398466,0.30957176018550125,0.21598491024998248,1.3627061056118668,-0.32525154433746917,0.9517918225910124,66.88443663599274
True,0.36,0.32,0.5,last_1y,2025-05-06,2026-04-30,242,0,0,0.7453512396694215,0.1797520661157025,1.0060285994077138,0.2009478912996212,3.5367165126858144,-0.0718245032646101,14.006760279307239,1.9822738796720243
True,0.36,0.32,0.5,last_3y,2023-05-04,2026-04-30,726,1,3,0.6495712902930443,0.19435701264262956,0.44243681757270714,0.19784882504540774,1.957572403012051,-0.12792186195221633,3.458648981657053,2.9899020416457622
True,0.36,0.32,0.5,last_5y,2021-05-06,2026-04-30,1210,1,3,0.7461477328535125,0.21888693485830502,0.3376381843769225,0.1887617065081248,1.6416806459718938,-0.1771841826602938,1.9055774579171043,4.261195267372994
True,0.36,0.32,0.5,last_10y,2016-05-04,2026-04-30,2428,1,3,0.7621748045011207,0.23801635746005426,0.2924426978401615,0.19364835406373443,1.4261365514091282,-0.19846281242803088,1.473539018531297,12.96403956925313
True,0.36,0.32,0.5,full_common,2010-09-29,2026-04-30,3785,5,15,0.7656898370392213,0.2366800924812401,0.30738871870725304,0.21603934121144927,1.3546549326619253,-0.3252515443374694,0.9450799667481901,65.16786823750554
True,0.4,0.38,0.0,last_1y,2025-05-06,2026-04-30,242,0,0,0.7453512396694215,0.1797520661157025,1.0060285994077138,0.2009478912996212,3.5367165126858144,-0.0718245032646101,14.006760279307239,1.9822738796720243
True,0.4,0.38,0.0,last_3y,2023-05-04,2026-04-30,726,1,2,0.6495712902930443,0.19435701264262956,0.44243681757270714,0.19784882504540774,1.957572403012051,-0.12792186195221633,3.458648981657053,2.9899020416457622
True,0.4,0.38,0.0,last_5y,2021-05-06,2026-04-30,1210,1,2,0.7461477328535125,0.21888693485830502,0.3376381843769225,0.1887617065081248,1.6416806459718938,-0.1771841826602938,1.9055774579171043,4.261195267372994
True,0.4,0.38,0.0,last_10y,2016-05-04,2026-04-30,2428,1,2,0.7621748045011207,0.23801635746005426,0.2924426978401615,0.19364835406373443,1.4261365514091282,-0.19846281242803088,1.473539018531297,12.96403956925313
True,0.4,0.38,0.0,full_common,2010-09-29,2026-04-30,3785,4,8,0.7659994962326817,0.23675283475219353,0.3094872556371502,0.2160341352292922,1.3621471047904237,-0.32525154433746895,0.9515320096867478,66.81720925629024
True,0.4,0.38,0.25,last_1y,2025-05-06,2026-04-30,242,0,0,0.7453512396694215,0.1797520661157025,1.0060285994077138,0.2009478912996212,3.5367165126858144,-0.0718245032646101,14.006760279307239,1.9822738796720243
True,0.4,0.38,0.25,last_3y,2023-05-04,2026-04-30,726,1,2,0.6495712902930443,0.19435701264262956,0.44243681757270714,0.19784882504540774,1.957572403012051,-0.12792186195221633,3.458648981657053,2.9899020416457622
True,0.4,0.38,0.25,last_5y,2021-05-06,2026-04-30,1210,1,2,0.7461477328535125,0.21888693485830502,0.3376381843769225,0.1887617065081248,1.6416806459718938,-0.1771841826602938,1.9055774579171043,4.261195267372994
True,0.4,0.38,0.25,last_10y,2016-05-04,2026-04-30,2428,1,2,0.7621748045011207,0.23801635746005426,0.29244269784016175,0.19364835406373443,1.4261365514091282,-0.19846281242803088,1.4735390185312982,12.964039569253138
True,0.4,0.38,0.25,full_common,2010-09-29,2026-04-30,3785,4,8,0.7663149653532011,0.2365405462103364,0.307780999374637,0.2160369086250018,1.3560630025406226,-0.32525154433746883,0.9462860506983325,65.47325542543217
True,0.4,0.38,0.5,last_1y,2025-05-06,2026-04-30,242,0,0,0.7453512396694215,0.1797520661157025,1.0060285994077138,0.2009478912996212,3.5367165126858144,-0.0718245032646101,14.006760279307239,1.9822738796720243
True,0.4,0.38,0.5,last_3y,2023-05-04,2026-04-30,726,1,2,0.6495712902930443,0.19435701264262956,0.44243681757270714,0.19784882504540774,1.957572403012051,-0.12792186195221633,3.458648981657053,2.9899020416457622
True,0.4,0.38,0.5,last_5y,2021-05-06,2026-04-30,1210,1,2,0.7461477328535125,0.21888693485830502,0.3376381843769225,0.1887617065081248,1.6416806459718938,-0.1771841826602938,1.9055774579171043,4.261195267372994
True,0.4,0.38,0.5,last_10y,2016-05-04,2026-04-30,2428,1,2,0.7621748045011207,0.23801635746005426,0.29244269784016175,0.1936483540637344,1.4261365514091284,-0.19846281242803088,1.4735390185312982,12.964039569253138
True,0.4,0.38,0.5,full_common,2010-09-29,2026-04-30,3785,4,8,0.7664594106765978,0.23625626675957426,0.3061799635797462,0.21608427077024264,1.3501157211216264,-0.32525154433746906,0.9413635966077539,64.23522350339097
True,0.4,0.36,0.0,last_1y,2025-05-06,2026-04-30,242,0,0,0.7453512396694215,0.1797520661157025,1.0060285994077138,0.2009478912996212,3.5367165126858144,-0.0718245032646101,14.006760279307239,1.9822738796720243
True,0.4,0.36,0.0,last_3y,2023-05-04,2026-04-30,726,1,2,0.6495712902930443,0.19435701264262956,0.44243681757270714,0.19784882504540774,1.957572403012051,-0.12792186195221633,3.458648981657053,2.9899020416457622
True,0.4,0.36,0.0,last_5y,2021-05-06,2026-04-30,1210,1,2,0.7461477328535125,0.21888693485830502,0.3376381843769225,0.1887617065081248,1.6416806459718938,-0.1771841826602938,1.9055774579171043,4.261195267372994
True,0.4,0.36,0.0,last_10y,2016-05-04,2026-04-30,2428,1,2,0.7621748045011207,0.23801635746005426,0.2924426978401615,0.19364835406373443,1.4261365514091282,-0.19846281242803088,1.473539018531297,12.96403956925313
True,0.4,0.36,0.0,full_common,2010-09-29,2026-04-30,3785,4,8,0.7659994962326817,0.23675283475219353,0.3094872556371502,0.2160341352292922,1.3621471047904237,-0.32525154433746895,0.9515320096867478,66.81720925629024
True,0.4,0.36,0.25,last_1y,2025-05-06,2026-04-30,242,0,0,0.7453512396694215,0.1797520661157025,1.0060285994077138,0.2009478912996212,3.5367165126858144,-0.0718245032646101,14.006760279307239,1.9822738796720243
True,0.4,0.36,0.25,last_3y,2023-05-04,2026-04-30,726,1,2,0.6495712902930443,0.19435701264262956,0.44243681757270714,0.19784882504540774,1.957572403012051,-0.12792186195221633,3.458648981657053,2.9899020416457622
True,0.4,0.36,0.25,last_5y,2021-05-06,2026-04-30,1210,1,2,0.7461477328535125,0.21888693485830502,0.3376381843769225,0.1887617065081248,1.6416806459718938,-0.1771841826602938,1.9055774579171043,4.261195267372994
True,0.4,0.36,0.25,last_10y,2016-05-04,2026-04-30,2428,1,2,0.7621748045011207,0.23801635746005426,0.29244269784016175,0.19364835406373443,1.4261365514091282,-0.19846281242803088,1.4735390185312982,12.964039569253138
True,0.4,0.36,0.25,full_common,2010-09-29,2026-04-30,3785,4,8,0.7663149653532011,0.2365405462103364,0.307780999374637,0.2160369086250018,1.3560630025406226,-0.32525154433746883,0.9462860506983325,65.47325542543217
True,0.4,0.36,0.5,last_1y,2025-05-06,2026-04-30,242,0,0,0.7453512396694215,0.1797520661157025,1.0060285994077138,0.2009478912996212,3.5367165126858144,-0.0718245032646101,14.006760279307239,1.9822738796720243
True,0.4,0.36,0.5,last_3y,2023-05-04,2026-04-30,726,1,2,0.6495712902930443,0.19435701264262956,0.44243681757270714,0.19784882504540774,1.957572403012051,-0.12792186195221633,3.458648981657053,2.9899020416457622
True,0.4,0.36,0.5,last_5y,2021-05-06,2026-04-30,1210,1,2,0.7461477328535125,0.21888693485830502,0.3376381843769225,0.1887617065081248,1.6416806459718938,-0.1771841826602938,1.9055774579171043,4.261195267372994
True,0.4,0.36,0.5,last_10y,2016-05-04,2026-04-30,2428,1,2,0.7621748045011207,0.23801635746005426,0.29244269784016175,0.1936483540637344,1.4261365514091284,-0.19846281242803088,1.4735390185312982,12.964039569253138
True,0.4,0.36,0.5,full_common,2010-09-29,2026-04-30,3785,4,8,0.7664594106765978,0.23625626675957426,0.3061799635797462,0.21608427077024264,1.3501157211216264,-0.32525154433746906,0.9413635966077539,64.23522350339097
True,0.44,0.42,0.0,last_1y,2025-05-06,2026-04-30,242,0,0,0.7453512396694215,0.1797520661157025,1.0060285994077138,0.2009478912996212,3.5367165126858144,-0.0718245032646101,14.006760279307239,1.9822738796720243
True,0.44,0.42,0.0,last_3y,2023-05-04,2026-04-30,726,1,1,0.6495712902930443,0.19435701264262956,0.44243681757270714,0.19784882504540774,1.957572403012051,-0.12792186195221633,3.458648981657053,2.9899020416457622
True,0.44,0.42,0.0,last_5y,2021-05-06,2026-04-30,1210,1,1,0.7461477328535125,0.21888693485830502,0.3376381843769225,0.1887617065081248,1.6416806459718938,-0.1771841826602938,1.9055774579171043,4.261195267372994
True,0.44,0.42,0.0,last_10y,2016-05-04,2026-04-30,2428,1,1,0.7621748045011207,0.23801635746005426,0.29244269784016175,0.1936483540637344,1.4261365514091286,-0.19846281242803088,1.4735390185312982,12.96403956925314
True,0.44,0.42,0.0,full_common,2010-09-29,2026-04-30,3785,1,1,0.7663631156115379,0.2355972012241782,0.3031601807907458,0.21637182887406992,1.3378812923884325,-0.32525154433746817,0.9320791432621108,61.959528369792814
True,0.44,0.42,0.25,last_1y,2025-05-06,2026-04-30,242,0,0,0.7453512396694215,0.1797520661157025,1.0060285994077138,0.2009478912996212,3.5367165126858144,-0.0718245032646101,14.006760279307239,1.9822738796720243
True,0.44,0.42,0.25,last_3y,2023-05-04,2026-04-30,726,1,1,0.6495712902930443,0.19435701264262956,0.44243681757270714,0.19784882504540774,1.957572403012051,-0.12792186195221633,3.458648981657053,2.9899020416457622
True,0.44,0.42,0.25,last_5y,2021-05-06,2026-04-30,1210,1,1,0.7461477328535125,0.21888693485830502,0.3376381843769225,0.1887617065081248,1.6416806459718938,-0.1771841826602938,1.9055774579171043,4.261195267372994
True,0.44,0.42,0.25,last_10y,2016-05-04,2026-04-30,2428,1,1,0.7621748045011207,0.23801635746005426,0.29244269784016175,0.1936483540637344,1.4261365514091286,-0.19846281242803088,1.4735390185312982,12.96403956925314
True,0.44,0.42,0.25,full_common,2010-09-29,2026-04-30,3785,1,1,0.7663631156115379,0.2355972012241782,0.3031601807907458,0.21637182887406992,1.3378812923884325,-0.32525154433746817,0.9320791432621108,61.959528369792814
True,0.44,0.42,0.5,last_1y,2025-05-06,2026-04-30,242,0,0,0.7453512396694215,0.1797520661157025,1.0060285994077138,0.2009478912996212,3.5367165126858144,-0.0718245032646101,14.006760279307239,1.9822738796720243
True,0.44,0.42,0.5,last_3y,2023-05-04,2026-04-30,726,1,1,0.6495712902930443,0.19435701264262956,0.44243681757270714,0.19784882504540774,1.957572403012051,-0.12792186195221633,3.458648981657053,2.9899020416457622
True,0.44,0.42,0.5,last_5y,2021-05-06,2026-04-30,1210,1,1,0.7461477328535125,0.21888693485830502,0.3376381843769225,0.1887617065081248,1.6416806459718938,-0.1771841826602938,1.9055774579171043,4.261195267372994
True,0.44,0.42,0.5,last_10y,2016-05-04,2026-04-30,2428,1,1,0.7621748045011207,0.23801635746005426,0.29244269784016175,0.1936483540637344,1.4261365514091286,-0.19846281242803088,1.4735390185312982,12.96403956925314
True,0.44,0.42,0.5,full_common,2010-09-29,2026-04-30,3785,1,1,0.7663631156115379,0.2355972012241782,0.3031601807907458,0.21637182887406992,1.3378812923884325,-0.32525154433746817,0.9320791432621108,61.959528369792814
True,0.44,0.4,0.0,last_1y,2025-05-06,2026-04-30,242,0,0,0.7453512396694215,0.1797520661157025,1.0060285994077138,0.2009478912996212,3.5367165126858144,-0.0718245032646101,14.006760279307239,1.9822738796720243
True,0.44,0.4,0.0,last_3y,2023-05-04,2026-04-30,726,1,1,0.6495712902930443,0.19435701264262956,0.44243681757270714,0.19784882504540774,1.957572403012051,-0.12792186195221633,3.458648981657053,2.9899020416457622
True,0.44,0.4,0.0,last_5y,2021-05-06,2026-04-30,1210,1,1,0.7461477328535125,0.21888693485830502,0.3376381843769225,0.1887617065081248,1.6416806459718938,-0.1771841826602938,1.9055774579171043,4.261195267372994
True,0.44,0.4,0.0,last_10y,2016-05-04,2026-04-30,2428,1,1,0.7621748045011207,0.23801635746005426,0.29244269784016175,0.1936483540637344,1.4261365514091286,-0.19846281242803088,1.4735390185312982,12.96403956925314
True,0.44,0.4,0.0,full_common,2010-09-29,2026-04-30,3785,1,1,0.7663631156115379,0.2355972012241782,0.3031601807907458,0.21637182887406992,1.3378812923884325,-0.32525154433746817,0.9320791432621108,61.959528369792814
True,0.44,0.4,0.25,last_1y,2025-05-06,2026-04-30,242,0,0,0.7453512396694215,0.1797520661157025,1.0060285994077138,0.2009478912996212,3.5367165126858144,-0.0718245032646101,14.006760279307239,1.9822738796720243
True,0.44,0.4,0.25,last_3y,2023-05-04,2026-04-30,726,1,1,0.6495712902930443,0.19435701264262956,0.44243681757270714,0.19784882504540774,1.957572403012051,-0.12792186195221633,3.458648981657053,2.9899020416457622
True,0.44,0.4,0.25,last_5y,2021-05-06,2026-04-30,1210,1,1,0.7461477328535125,0.21888693485830502,0.3376381843769225,0.1887617065081248,1.6416806459718938,-0.1771841826602938,1.9055774579171043,4.261195267372994
True,0.44,0.4,0.25,last_10y,2016-05-04,2026-04-30,2428,1,1,0.7621748045011207,0.23801635746005426,0.29244269784016175,0.1936483540637344,1.4261365514091286,-0.19846281242803088,1.4735390185312982,12.96403956925314
True,0.44,0.4,0.25,full_common,2010-09-29,2026-04-30,3785,1,1,0.7663631156115379,0.2355972012241782,0.3031601807907458,0.21637182887406992,1.3378812923884325,-0.32525154433746817,0.9320791432621108,61.959528369792814
True,0.44,0.4,0.5,last_1y,2025-05-06,2026-04-30,242,0,0,0.7453512396694215,0.1797520661157025,1.0060285994077138,0.2009478912996212,3.5367165126858144,-0.0718245032646101,14.006760279307239,1.9822738796720243
True,0.44,0.4,0.5,last_3y,2023-05-04,2026-04-30,726,1,1,0.6495712902930443,0.19435701264262956,0.44243681757270714,0.19784882504540774,1.957572403012051,-0.12792186195221633,3.458648981657053,2.9899020416457622
True,0.44,0.4,0.5,last_5y,2021-05-06,2026-04-30,1210,1,1,0.7461477328535125,0.21888693485830502,0.3376381843769225,0.1887617065081248,1.6416806459718938,-0.1771841826602938,1.9055774579171043,4.261195267372994
True,0.44,0.4,0.5,last_10y,2016-05-04,2026-04-30,2428,1,1,0.7621748045011207,0.23801635746005426,0.29244269784016175,0.1936483540637344,1.4261365514091286,-0.19846281242803088,1.4735390185312982,12.96403956925314
True,0.44,0.4,0.5,full_common,2010-09-29,2026-04-30,3785,1,1,0.7663631156115379,0.2355972012241782,0.3031601807907458,0.21637182887406992,1.3378812923884325,-0.32525154433746817,0.9320791432621108,61.959528369792814
False,,,,last_1y,2025-05-06,2026-04-30,242,0,0,0.7453512396694215,0.1797520661157025,1.0060285994077138,0.2009478912996212,3.5367165126858144,-0.0718245032646101,14.006760279307239,1.9822738796720243
False,,,,last_3y,2023-05-04,2026-04-30,726,0,0,0.6495712902930443,0.19435701264262956,0.44243681757270714,0.19784882504540774,1.957572403012051,-0.12792186195221633,3.458648981657053,2.9899020416457622
False,,,,last_5y,2021-05-06,2026-04-30,1210,0,0,0.7461477328535125,0.21888693485830502,0.3376381843769225,0.1887617065081248,1.6416806459718938,-0.1771841826602938,1.9055774579171043,4.261195267372994
False,,,,last_10y,2016-05-04,2026-04-30,2428,0,0,0.7621748045011207,0.23801635746005426,0.29244269784016175,0.1936483540637344,1.4261365514091286,-0.19846281242803088,1.4735390185312982,12.96403956925314
False,,,,full_common,2010-09-29,2026-04-30,3785,0,0,0.7663631156115379,0.2355972012241782,0.3031601807907458,0.21637182887406992,1.3378812923884325,-0.32525154433746817,0.9320791432621108,61.959528369792814
