date,close
2005-01-01,1000.0
2005-12-30,1000.0
2006-01-04,1011.17
2006-01-05,1031.95
2006-01-06,1044.73
2006-01-09,1053.05
2006-01-10,1053.16
2006-01-11,1052.34
2006-01-12,1065.69
2006-01-13,1063.32
2006-01-16,1046.3
2006-01-17,1047.81
2006-01-18,1068.68
2006-01-19,1085.45
2006-01-20,1090.69
2006-01-23,1097.76
2006-01-24,1098.71
2006-01-25,1103.18
2006-02-06,1131.56
2006-02-07,1121.4
2006-02-08,1126.65
2006-02-09,1115.86
2006-02-10,1128.34
2006-02-13,1126.9
2006-02-14,1130.38
2006-02-15,1131.03
2006-02-16,1106.96
2006-02-17,1107.24
2006-02-20,1110.67
2006-02-21,1124.13
2006-02-22,1125.89
2006-02-23,1122.99
2006-02-24,1134.35
2006-02-27,1131.27
2006-02-28,1133.37
2006-03-01,1137.69
2006-03-02,1127.43
2006-03-03,1130.56
2006-03-06,1128.98
2006-03-07,1108.03
2006-03-08,1101.11
2006-03-09,1100.98
2006-03-10,1104.43
2006-03-13,1113.79
2006-03-14,1113.49
2006-03-15,1123.78
2006-03-16,1124.08
2006-03-17,1120.92
2006-03-20,1132.07
2006-03-21,1133.52
2006-03-22,1139.11
2006-03-23,1140.04
2006-03-24,1136.99
2006-03-27,1139.19
2006-03-28,1144.0
2006-03-29,1154.38
2006-03-30,1148.34
2006-03-31,1156.54
2006-04-03,1171.54
2006-04-04,1184.72
2006-04-05,1190.16
2006-04-06,1187.98
2006-04-07,1190.68
2006-04-10,1211.56
2006-04-11,1226.47
2006-04-12,1228.53
2006-04-13,1204.97
2006-04-14,1230.63
2006-04-17,1235.61
2006-04-18,1238.35
2006-04-19,1237.25
2006-04-20,1226.65
2006-04-21,1240.47
2006-04-24,1225.99
2006-04-25,1213.38
2006-04-26,1230.5
2006-04-27,1227.69
2006-04-28,1246.65
2006-05-08,1295.9
2006-05-09,1337.28
2006-05-10,1355.07
2006-05-11,1340.88
2006-05-12,1385.32
2006-05-15,1442.8
2006-05-16,1419.59
2006-05-17,1438.19
2006-05-18,1442.44
2006-05-19,1477.57
2006-05-22,1514.54
2006-05-23,1452.37
2006-05-24,1418.08
2006-05-25,1426.31
2006-05-26,1458.35
2006-05-29,1504.56
2006-05-30,1517.46
2006-05-31,1507.8
2006-06-01,1562.48
2006-06-02,1564.81
2006-06-05,1590.6
2006-06-06,1585.33
2006-06-07,1483.87
2006-06-08,1483.85
2006-06-09,1454.25
2006-06-12,1462.09
2006-06-13,1463.96
2006-06-14,1450.98
2006-06-15,1449.53
2006-06-16,1476.64
2006-06-19,1495.18
2006-06-20,1500.37
2006-06-21,1499.65
2006-06-22,1497.99
2006-06-23,1514.46
2006-06-26,1540.98
2006-06-27,1542.52
2006-06-28,1550.78
2006-06-29,1582.32
2006-06-30,1580.09
2006-07-03,1601.77
2006-07-04,1584.82
2006-07-05,1568.38
2006-07-06,1600.53
2006-07-07,1593.06
2006-07-10,1596.93
2006-07-11,1598.4
2006-07-12,1588.52
2006-07-13,1502.54
2006-07-14,1514.04
2006-07-17,1532.1
2006-07-18,1533.92
2006-07-19,1514.64
2006-07-20,1525.47
2006-07-21,1529.07
2006-07-24,1534.92
2006-07-25,1554.25
2006-07-26,1551.62
2006-07-27,1536.26
2006-07-28,1530.9
2006-07-31,1476.62
2006-08-01,1462.63
2006-08-02,1457.1
2006-08-03,1455.64
2006-08-04,1415.48
2006-08-07,1385.46
2006-08-08,1418.17
2006-08-09,1415.13
2006-08-10,1439.93
2006-08-11,1449.98
2006-08-14,1416.79
2006-08-15,1439.28
2006-08-16,1457.19
2006-08-17,1442.91
2006-08-18,1436.88
2006-08-21,1434.29
2006-08-22,1449.5
2006-08-23,1448.47
2006-08-24,1451.78
2006-08-25,1456.34
2006-08-28,1484.08
2006-08-29,1482.73
2006-08-30,1488.48
2006-08-31,1498.82
2006-09-01,1479.44
2006-09-04,1502.43
2006-09-05,1503.52
2006-09-06,1509.6
2006-09-07,1487.91
2006-09-08,1486.92
2006-09-11,1492.27
2006-09-12,1500.53
2006-09-13,1494.62
2006-09-14,1490.05
2006-09-15,1514.18
2006-09-18,1533.68
2006-09-19,1528.89
2006-09-20,1529.51
2006-09-21,1534.6
2006-09-22,1512.31
2006-09-25,1502.51
2006-09-26,1496.32
2006-09-27,1510.55
2006-09-28,1521.41
2006-09-29,1535.0
2006-10-09,1562.4
2006-10-10,1563.8
2006-10-11,1565.72
2006-10-12,1569.89
2006-10-13,1572.44
2006-10-16,1569.26
2006-10-17,1561.46
2006-10-18,1578.8
2006-10-19,1579.11
2006-10-20,1566.38
2006-10-23,1534.34
2006-10-24,1568.45
2006-10-25,1566.24
2006-10-26,1568.67
2006-10-27,1560.46
2006-10-30,1587.05
2006-10-31,1604.06
2006-11-01,1619.87
2006-11-02,1630.07
2006-11-03,1633.11
2006-11-06,1653.62
2006-11-07,1655.17
2006-11-08,1627.89
2006-11-09,1646.7
2006-11-10,1610.6
2006-11-13,1573.13
2006-11-14,1584.69
2006-11-15,1620.09
2006-11-16,1604.38
2006-11-17,1636.25
2006-11-20,1651.6
2006-11-21,1664.37
2006-11-22,1685.46
2006-11-23,1696.36
2006-11-24,1713.6
2006-11-27,1743.83
2006-11-28,1734.27
2006-11-29,1743.77
2006-11-30,1777.34
2006-12-01,1790.11
2006-12-04,1829.35
2006-12-05,1830.87
2006-12-06,1799.46
2006-12-07,1807.64
2006-12-08,1735.04
2006-12-11,1798.05
2006-12-12,1806.06
2006-12-13,1807.9
2006-12-14,1840.74
2006-12-15,1857.93
2006-12-18,1875.26
2006-12-19,1881.49
2006-12-20,1902.14
2006-12-21,1878.82
2006-12-22,1867.92
2006-12-25,1887.87
2006-12-26,1884.51
2006-12-27,1902.82
2006-12-28,1876.45
2006-12-29,1927.14
2007-01-04,1971.38
2007-01-05,2049.49
2007-01-08,2123.84
2007-01-09,2171.05
2007-01-10,2224.8
2007-01-11,2207.92
2007-01-12,2106.36
2007-01-15,2212.61
2007-01-16,2244.49
2007-01-17,2234.12
2007-01-18,2256.12
2007-01-19,2344.36
2007-01-22,2453.37
2007-01-23,2484.2
2007-01-24,2509.94
2007-01-25,2399.87
2007-01-26,2422.61
2007-01-29,2503.89
2007-01-30,2500.92
2007-01-31,2372.68
2007-02-01,2373.72
2007-02-02,2314.97
2007-02-05,2316.98
2007-02-06,2367.36
2007-02-07,2412.15
2007-02-08,2476.45
2007-02-09,2477.88
2007-02-12,2536.99
2007-02-13,2575.22
2007-02-14,2628.46
2007-02-15,2705.66
2007-02-16,2736.79
2007-02-26,2856.27
2007-02-27,2580.59
2007-02-28,2709.09
2007-03-01,2650.05
2007-03-02,2682.97
2007-03-05,2668.95
2007-03-06,2681.89
2007-03-07,2735.39
2007-03-08,2790.33
2007-03-09,2762.29
2007-03-12,2810.78
2007-03-13,2869.68
2007-03-14,2836.19
2007-03-15,2896.59
2007-03-16,2828.25
2007-03-19,2857.02
2007-03-20,2922.23
2007-03-21,2954.51
2007-03-22,2979.7
2007-03-23,3046.23
2007-03-26,3138.88
2007-03-27,3179.41
2007-03-28,3186.23
2007-03-29,3086.6
2007-03-30,3106.72
2007-04-02,3181.03
2007-04-03,3221.39
2007-04-04,3241.13
2007-04-05,3311.26
2007-04-06,3371.21
2007-04-09,3456.95
2007-04-10,3509.23
2007-04-11,3540.23
2007-04-12,3633.78
2007-04-13,3603.82
2007-04-16,3684.86
2007-04-17,3761.08
2007-04-18,3890.82
2007-04-19,3703.01
2007-04-20,3893.75
2007-04-23,4128.6
2007-04-24,4203.67
2007-04-25,4191.99
2007-04-26,4249.92
2007-04-27,4227.42
2007-04-30,4286.46
2007-05-08,4509.17
2007-05-09,4521.66
2007-05-10,4560.91
2007-05-11,4505.37
2007-05-14,4501.11
2007-05-15,4317.66
2007-05-16,4426.2
2007-05-17,4525.55
2007-05-18,4516.32
2007-05-21,4621.22
2007-05-22,4727.38
2007-05-23,4882.66
2007-05-24,4841.7
2007-05-25,4888.64
2007-05-28,4992.06
2007-05-29,5120.52
2007-05-30,4702.36
2007-05-31,4590.27
2007-06-01,4287.67
2007-06-04,3895.48
2007-06-05,4021.08
2007-06-06,4065.51
2007-06-07,4240.68
2007-06-08,4293.88
2007-06-11,4396.99
2007-06-12,4594.57
2007-06-13,4729.64
2007-06-14,4646.53
2007-06-15,4614.23
2007-06-18,4750.63
2007-06-19,4819.14
2007-06-20,4708.28
2007-06-21,4701.9
2007-06-22,4431.49
2007-06-25,4094.85
2007-06-26,4203.22
2007-06-27,4314.14
2007-06-28,4036.16
2007-06-29,3882.24
2007-07-02,3946.63
2007-07-03,3995.99
2007-07-04,3917.25
2007-07-05,3638.75
2007-07-06,3845.79
2007-07-09,3958.9
2007-07-10,3829.11
2007-07-11,3863.77
2007-07-12,3891.87
2007-07-13,3882.27
2007-07-16,3765.23
2007-07-17,3831.76
2007-07-18,3839.77
2007-07-19,3832.65
2007-07-20,3963.58
2007-07-23,4204.43
2007-07-24,4188.91
2007-07-25,4334.22
2007-07-26,4399.22
2007-07-27,4467.44
2007-07-30,4588.53
2007-07-31,4637.56
2007-08-01,4378.95
2007-08-02,4515.29
2007-08-03,4563.65
2007-08-06,4705.65
2007-08-07,4717.19
2007-08-08,4616.19
2007-08-09,4665.65
2007-08-10,4617.03
2007-08-13,4685.2
2007-08-14,4746.97
2007-08-15,4704.35
2007-08-16,4688.65
2007-08-17,4650.8
2007-08-20,4890.73
2007-08-21,4933.99
2007-08-22,4984.96
2007-08-23,5068.67
2007-08-24,5131.41
2007-08-27,5134.52
2007-08-28,5168.17
2007-08-29,5170.63
2007-08-30,5337.67
2007-08-31,5399.61
2007-09-03,5613.58
2007-09-04,5541.4
2007-09-05,5607.74
2007-09-06,5668.1
2007-09-07,5546.61
2007-09-10,5643.57
2007-09-11,5308.4
2007-09-12,5391.57
2007-09-13,5576.88
2007-09-14,5672.56
2007-09-17,5839.1
2007-09-18,5875.61
2007-09-19,5793.13
2007-09-20,5874.23
2007-09-21,5834.83
2007-09-24,5863.55
2007-09-25,5732.18
2007-09-26,5598.27
2007-09-27,5698.24
2007-09-28,5852.79
2007-10-08,5806.03
2007-10-09,5806.83
2007-10-10,5783.02
2007-10-11,5731.14
2007-10-12,5644.46
2007-10-15,5750.02
2007-10-16,5791.54
2007-10-17,5801.67
2007-10-18,5612.47
2007-10-19,5612.87
2007-10-22,5430.62
2007-10-23,5477.34
2007-10-24,5422.36
2007-10-25,5040.24
2007-10-26,5053.35
2007-10-29,5218.68
2007-10-30,5295.47
2007-10-31,5414.58
2007-11-01,5279.33
2007-11-02,5153.99
2007-11-05,5188.35
2007-11-06,5183.28
2007-11-07,5175.36
2007-11-08,4968.5
2007-11-09,4914.9
2007-11-12,4841.07
2007-11-13,4875.34
2007-11-14,5052.28
2007-11-15,4974.19
2007-11-16,4957.66
2007-11-19,5042.23
2007-11-20,5128.11
2007-11-21,5041.97
2007-11-22,4832.89
2007-11-23,4944.54
2007-11-26,4903.65
2007-11-27,4851.46
2007-11-28,4827.55
2007-11-29,4963.9
2007-11-30,4864.26
2007-12-03,4881.13
2007-12-04,4908.39
2007-12-05,5033.82
2007-12-06,5058.89
2007-12-07,5164.74
2007-12-10,5308.31
2007-12-11,5351.37
2007-12-12,5376.42
2007-12-13,5188.65
2007-12-14,5294.26
2007-12-17,5279.84
2007-12-18,5265.11
2007-12-19,5380.29
2007-12-20,5452.36
2007-12-21,5539.41
2007-12-24,5609.03
2007-12-25,5641.66
2007-12-26,5709.79
2007-12-27,5761.1
2007-12-28,5702.37
2008-01-02,5913.72
2008-01-03,6049.43
2008-01-04,6054.6
2008-01-07,6130.25
2008-01-08,5981.38
2008-01-09,6112.62
2008-01-10,6116.83
2008-01-11,6070.86
2008-01-14,6193.09
2008-01-15,6234.79
2008-01-16,6155.85
2008-01-17,5995.57
2008-01-18,6047.72
2008-01-21,5785.93
2008-01-22,5321.56
2008-01-23,5619.84
2008-01-24,5763.97
2008-01-25,5749.75
2008-01-28,5358.44
2008-01-29,5460.72
2008-01-30,5458.6
2008-01-31,5314.4
2008-02-01,5169.53
2008-02-04,5561.12
2008-02-05,5548.73
2008-02-13,5487.48
2008-02-14,5587.53
2008-02-15,5536.47
2008-02-18,5681.92
2008-02-19,5785.04
2008-02-20,5696.9
2008-02-21,5753.95
2008-02-22,5611.63
2008-02-25,5434.97
2008-02-26,5449.5
2008-02-27,5575.73
2008-02-28,5585.78
2008-02-29,5672.4
2008-03-03,5859.0
2008-03-04,5786.63
2008-03-05,5807.66
2008-03-06,5827.06
2008-03-07,5696.71
2008-03-10,5538.43
2008-03-11,5572.27
2008-03-12,5433.38
2008-03-13,5216.39
2008-03-14,5195.77
2008-03-17,4853.87
2008-03-18,4555.63
2008-03-19,4751.37
2008-03-20,4946.94
2008-03-21,5025.34
2008-03-24,4902.25
2008-03-25,4984.65
2008-03-26,4961.74
2008-03-27,4739.31
2008-03-28,4888.25
2008-03-31,4728.92
2008-04-01,4404.45
2008-04-02,4282.49
2008-04-03,4410.05
2008-04-07,4649.25
2008-04-08,4707.5
2008-04-09,4498.65
2008-04-10,4586.1
2008-04-11,4626.66
2008-04-14,4359.21
2008-04-15,4448.3
2008-04-16,4349.73
2008-04-17,4199.9
2008-04-18,4011.74
2008-04-21,4020.3
2008-04-22,3997.61
2008-04-23,4130.49
2008-04-24,4515.35
2008-04-25,4530.22
2008-04-28,4466.63
2008-04-29,4526.4
2008-04-30,4706.22
2008-05-05,4827.57
2008-05-06,4789.54
2008-05-07,4587.44
2008-05-08,4714.54
2008-05-09,4691.88
2008-05-12,4775.55
2008-05-13,4742.15
2008-05-14,4839.82
2008-05-15,4837.54
2008-05-16,4781.75
2008-05-19,4768.23
2008-05-20,4494.04
2008-05-21,4576.03
2008-05-22,4514.43
2008-05-23,4468.25
2008-05-26,4357.21
2008-05-27,4383.25
2008-05-28,4483.12
2008-05-29,4386.23
2008-05-30,4419.73
2008-06-02,4457.38
2008-06-03,4427.4
2008-06-04,4352.62
2008-06-05,4326.69
2008-06-06,4301.04
2008-06-10,3941.73
2008-06-11,3873.45
2008-06-12,3816.42
2008-06-13,3707.57
2008-06-16,3650.92
2008-06-17,3480.1
2008-06-18,3641.78
2008-06-19,3338.8
2008-06-20,3430.39
2008-06-23,3385.68
2008-06-24,3454.53
2008-06-25,3617.66
2008-06-26,3630.61
2008-06-27,3407.46
2008-06-30,3390.22
2008-07-01,3312.34
2008-07-02,3349.48
2008-07-03,3456.74
2008-07-04,3456.46
2008-07-07,3629.5
2008-07-08,3661.17
2008-07-09,3778.75
2008-07-10,3705.77
2008-07-11,3668.24
2008-07-14,3721.88
2008-07-15,3627.26
2008-07-16,3474.13
2008-07-17,3458.43
2008-07-18,3574.51
2008-07-21,3701.45
2008-07-22,3704.78
2008-07-23,3676.63
2008-07-24,3779.75
2008-07-25,3728.24
2008-07-28,3776.58
2008-07-29,3709.97
2008-07-30,3705.17
2008-07-31,3585.68
2008-08-01,3624.47
2008-08-04,3548.4
2008-08-05,3474.6
2008-08-06,3494.76
2008-08-07,3511.97
2008-08-08,3302.61
2008-08-11,3115.21
2008-08-12,3124.59
2008-08-13,3139.54
2008-08-14,3151.45
2008-08-15,3156.07
2008-08-18,2985.02
2008-08-19,3040.73
2008-08-20,3258.75
2008-08-21,3140.59
2008-08-22,3094.39
2008-08-25,3081.51
2008-08-26,2967.42
2008-08-27,2946.79
2008-08-28,2941.07
2008-08-29,3035.24
2008-09-01,2962.82
2008-09-02,2968.98
2008-09-03,2958.74
2008-09-04,2975.94
2008-09-05,2886.28
2008-09-08,2784.84
2008-09-09,2817.75
2008-09-10,2841.02
2008-09-11,2803.56
2008-09-12,2823.47
2008-09-16,2799.37
2008-09-17,2763.24
2008-09-18,2680.64
2008-09-19,2921.21
2008-09-22,3026.28
2008-09-23,2857.61
2008-09-24,2898.3
2008-09-25,2976.68
2008-09-26,2997.03
2008-10-06,2880.82
2008-10-07,2885.64
2008-10-08,2821.96
2008-10-09,2798.31
2008-10-10,2674.3
2008-10-13,2735.46
2008-10-14,2676.83
2008-10-15,2660.2
2008-10-16,2539.05
2008-10-17,2562.86
2008-10-20,2626.6
2008-10-21,2605.14
2008-10-22,2559.48
2008-10-23,2565.39
2008-10-24,2520.06
2008-10-27,2340.25
2008-10-28,2387.14
2008-10-29,2319.53
2008-10-30,2340.76
2008-10-31,2299.21
2008-11-03,2275.83
2008-11-04,2243.37
2008-11-05,2314.31
2008-11-06,2278.39
2008-11-07,2307.56
2008-11-10,2465.83
2008-11-11,2428.06
2008-11-12,2472.69
2008-11-13,2577.67
2008-11-14,2674.12
2008-11-17,2777.65
2008-11-18,2562.36
2008-11-19,2723.19
2008-11-20,2713.81
2008-11-21,2684.38
2008-11-24,2588.57
2008-11-25,2575.1
2008-11-26,2616.65
2008-11-27,2647.43
2008-11-28,2613.79
2008-12-01,2684.02
2008-12-02,2717.3
2008-12-03,2818.72
2008-12-04,2824.85
2008-12-05,2866.58
2008-12-08,2967.17
2008-12-09,2890.2
2008-12-10,2950.6
2008-12-11,2881.96
2008-12-12,2767.15
2008-12-15,2815.71
2008-12-16,2841.18
2008-12-17,2874.99
2008-12-18,2912.69
2008-12-19,2944.14
2008-12-22,2929.31
2008-12-23,2771.52
2008-12-24,2712.77
2008-12-25,2708.06
2008-12-26,2695.08
2008-12-29,2692.77
2008-12-30,2675.93
2008-12-31,2648.69
2009-01-05,2742.93
2009-01-06,2829.12
2009-01-07,2818.85
2009-01-08,2754.54
2009-01-09,2815.11
2009-01-12,2845.72
2009-01-13,2798.08
2009-01-14,2882.47
2009-01-15,2887.93
2009-01-16,2915.99
2009-01-19,2915.14
2009-01-20,2939.85
2009-01-21,2919.18
2009-01-22,2953.61
2009-01-23,2943.01
2009-02-02,3009.66
2009-02-03,3097.14
2009-02-04,3163.95
2009-02-05,3126.44
2009-02-06,3256.68
2009-02-09,3342.28
2009-02-10,3401.49
2009-02-11,3420.74
2009-02-12,3445.2
2009-02-13,3568.82
2009-02-16,3672.34
2009-02-17,3533.21
2009-02-18,3350.79
2009-02-19,3428.54
2009-02-20,3529.31
2009-02-23,3631.37
2009-02-24,3523.09
2009-02-25,3533.07
2009-02-26,3303.22
2009-02-27,3145.95
2009-03-02,3204.01
2009-03-03,3207.74
2009-03-04,3391.06
2009-03-05,3429.87
2009-03-06,3404.44
2009-03-09,3267.24
2009-03-10,3338.55
2009-03-11,3315.63
2009-03-12,3310.55
2009-03-13,3281.07
2009-03-16,3312.53
2009-03-17,3427.51
2009-03-18,3468.49
2009-03-19,3545.05
2009-03-20,3520.09
2009-03-23,3585.87
2009-03-24,3608.97
2009-03-25,3513.51
2009-03-26,3593.78
2009-03-27,3637.06
2009-03-30,3633.27
2009-03-31,3650.06
2009-04-01,3711.69
2009-04-02,3731.19
2009-04-03,3698.1
2009-04-07,3731.49
2009-04-08,3612.41
2009-04-09,3667.5
2009-04-10,3763.04
2009-04-13,3844.11
2009-04-14,3899.89
2009-04-15,3918.66
2009-04-16,3940.4
2009-04-17,3887.66
2009-04-20,3996.38
2009-04-21,3992.09
2009-04-22,3845.36
2009-04-23,3859.69
2009-04-24,3851.7
2009-04-27,3712.86
2009-04-28,3726.62
2009-04-29,3817.37
2009-04-30,3858.44
2009-05-04,3983.38
2009-05-05,4006.07
2009-05-06,4056.68
2009-05-07,4031.1
2009-05-08,4038.45
2009-05-11,3931.79
2009-05-12,4035.09
2009-05-13,4048.0
2009-05-14,4049.05
2009-05-15,4051.06
2009-05-18,4077.44
2009-05-19,4105.92
2009-05-20,4076.78
2009-05-21,4007.94
2009-05-22,4022.31
2009-05-25,4012.73
2009-05-26,4037.73
2009-05-27,4056.49
2009-06-01,4125.0
2009-06-02,4133.45
2009-06-03,4190.22
2009-06-04,4228.52
2009-06-05,4210.75
2009-06-08,4189.21
2009-06-09,4217.22
2009-06-10,4295.77
2009-06-11,4238.94
2009-06-12,4153.35
2009-06-15,4219.61
2009-06-16,4226.2
2009-06-17,4277.56
2009-06-18,4311.59
2009-06-19,4342.95
2009-06-22,4344.64
2009-06-23,4370.76
2009-06-24,4449.35
2009-06-25,4442.3
2009-06-26,4437.3
2009-06-29,4466.48
2009-06-30,4416.45
2009-07-01,4457.03
2009-07-02,4478.95
2009-07-03,4507.6
2009-07-06,4603.96
2009-07-07,4628.48
2009-07-08,4633.83
2009-07-09,4714.81
2009-07-10,4720.67
2009-07-13,4739.01
2009-07-14,4841.65
2009-07-15,4907.22
2009-07-16,4880.25
2009-07-17,4889.65
2009-07-20,4989.85
2009-07-21,4864.99
2009-07-22,4922.62
2009-07-23,4973.67
2009-07-24,4957.95
2009-07-27,5054.9
2009-07-28,5170.58
2009-07-29,4911.74
2009-07-30,5005.89
2009-07-31,5164.27
2009-08-03,5346.89
2009-08-04,5379.85
2009-08-05,5359.96
2009-08-06,5236.83
2009-08-07,5099.94
2009-08-10,5134.67
2009-08-11,5164.69
2009-08-12,4942.91
2009-08-13,4931.22
2009-08-14,4724.07
2009-08-17,4461.79
2009-08-18,4572.8
2009-08-19,4371.94
2009-08-20,4529.87
2009-08-21,4625.08
2009-08-24,4674.15
2009-08-25,4560.71
2009-08-26,4672.04
2009-08-27,4697.83
2009-08-28,4561.64
2009-08-31,4257.03
2009-09-01,4247.8
2009-09-02,4273.06
2009-09-03,4482.51
2009-09-04,4515.9
2009-09-07,4557.02
2009-09-08,4633.15
2009-09-09,4679.05
2009-09-10,4620.49
2009-09-11,4675.36
2009-09-14,4765.97
2009-09-15,4782.52
2009-09-16,4730.95
2009-09-17,4848.71
2009-09-18,4709.99
2009-09-21,4768.85
2009-09-22,4675.81
2009-09-23,4557.35
2009-09-24,4524.13
2009-09-25,4512.14
2009-09-28,4420.19
2009-09-29,4351.75
2009-09-30,4405.74
2009-10-09,4589.91
2009-10-12,4590.05
2009-10-13,4657.49
2009-10-14,4675.53
2009-10-15,4685.6
2009-10-16,4670.22
2009-10-19,4766.6
2009-10-20,4814.56
2009-10-21,4786.44
2009-10-22,4761.03
2009-10-23,4843.9
2009-10-26,4870.1
2009-10-27,4749.85
2009-10-28,4808.94
2009-10-29,4751.99
2009-10-30,4807.51
2009-11-02,4952.03
2009-11-03,5024.78
2009-11-04,5057.12
2009-11-05,5122.58
2009-11-06,5114.58
2009-11-09,5153.46
2009-11-10,5153.88
2009-11-11,5157.39
2009-11-12,5201.14
2009-11-13,5248.1
2009-11-16,5358.71
2009-11-17,5375.89
2009-11-18,5398.1
2009-11-19,5480.69
2009-11-20,5491.79
2009-11-23,5590.35
2009-11-24,5362.0
2009-11-25,5553.19
2009-11-26,5318.68
2009-11-27,5204.56
2009-11-30,5407.68
2009-12-01,5562.07
2009-12-02,5587.33
2009-12-03,5635.23
2009-12-04,5549.69
2009-12-07,5605.68
2009-12-08,5567.1
2009-12-09,5466.08
2009-12-10,5504.44
2009-12-11,5509.08
2009-12-14,5525.43
2009-12-15,5522.63
2009-12-16,5498.21
2009-12-17,5334.46
2009-12-18,5207.68
2009-12-21,5258.32
2009-12-22,5135.93
2009-12-23,5204.43
2009-12-24,5354.7
2009-12-25,5368.98
2009-12-28,5439.5
2009-12-29,5456.31
2009-12-30,5493.88
2009-12-31,5511.93
2010-01-04,5478.48
2010-01-05,5501.42
2010-01-06,5485.43
2010-01-07,5361.33
2010-01-08,5401.43
2010-01-11,5449.42
2010-01-12,5576.25
2010-01-13,5500.33
2010-01-14,5606.67
2010-01-15,5618.72
2010-01-18,5706.27
2010-01-19,5707.97
2010-01-20,5543.91
2010-01-21,5574.89
2010-01-22,5484.08
2010-01-25,5398.07
2010-01-26,5243.22
2010-01-27,5212.94
2010-01-28,5288.32
2010-01-29,5322.85
2010-02-01,5281.5
2010-02-02,5262.69
2010-02-03,5352.39
2010-02-04,5371.81
2010-02-05,5268.79
2010-02-08,5274.47
2010-02-09,5321.08
2010-02-10,5355.76
2010-02-11,5348.16
2010-02-12,5398.87
2010-02-22,5394.31
2010-02-23,5416.2
2010-02-24,5511.95
2010-02-25,5569.97
2010-02-26,5557.02
2010-03-01,5603.77
2010-03-02,5576.33
2010-03-03,5638.53
2010-03-04,5472.75
2010-03-05,5489.73
2010-03-08,5528.57
2010-03-09,5524.74
2010-03-10,5479.37
2010-03-11,5469.94
2010-03-12,5381.5
2010-03-15,5329.47
2010-03-16,5359.43
2010-03-17,5474.3
2010-03-18,5465.15
2010-03-19,5503.73
2010-03-22,5511.47
2010-03-23,5486.84
2010-03-24,5500.21
2010-03-25,5445.34
2010-03-26,5523.96
2010-03-29,5586.2
2010-03-30,5588.52
2010-03-31,5570.06
2010-04-01,5642.47
2010-04-02,5647.16
2010-04-06,5644.55
2010-04-07,5632.2
2010-04-08,5610.85
2010-04-09,5664.92
2010-04-12,5674.29
2010-04-13,5691.12
2010-04-14,5716.29
2010-04-15,5667.62
2010-04-16,5632.25
2010-04-19,5403.57
2010-04-20,5442.12
2010-04-21,5570.58
2010-04-22,5546.07
2010-04-23,5498.3
2010-04-26,5494.16
2010-04-27,5381.34
2010-04-28,5361.26
2010-04-29,5263.53
2010-04-30,5222.01
2010-05-04,5187.04
2010-05-05,5265.6
2010-05-06,5080.31
2010-05-07,4980.04
2010-05-10,4971.23
2010-05-11,4867.29
2010-05-12,4851.95
2010-05-13,4956.89
2010-05-14,4967.02
2010-05-17,4707.22
2010-05-18,4762.61
2010-05-19,4746.4
2010-05-20,4693.74
2010-05-21,4746.7
2010-05-24,4900.05
2010-05-25,4838.23
2010-05-26,4845.68
2010-05-27,4908.35
2010-05-28,4932.12
2010-05-31,4837.27
2010-06-01,4761.75
2010-06-02,4775.29
2010-06-03,4748.05
2010-06-04,4764.44
2010-06-07,4718.59
2010-06-08,4737.79
2010-06-09,4847.69
2010-06-10,4832.81
2010-06-11,4822.91
2010-06-17,4775.88
2010-06-18,4664.08
2010-06-21,4791.57
2010-06-22,4808.17
2010-06-23,4780.26
2010-06-24,4779.9
2010-06-25,4740.47
2010-06-28,4706.58
2010-06-29,4507.26
2010-06-30,4468.46
2010-07-01,4426.06
2010-07-02,4424.42
2010-07-05,4404.19
2010-07-06,4494.08
2010-07-07,4518.81
2010-07-08,4507.72
2010-07-09,4609.78
2010-07-12,4654.17
2010-07-13,4574.57
2010-07-14,4623.81
2010-07-15,4536.28
2010-07-16,4553.99
2010-07-19,4642.1
2010-07-20,4748.14
2010-07-21,4780.58
2010-07-22,4826.87
2010-07-23,4826.28
2010-07-26,4867.7
2010-07-27,4862.31
2010-07-28,4964.78
2010-07-29,4987.64
2010-07-30,4983.43
2010-08-02,5071.96
2010-08-03,4980.78
2010-08-04,5005.24
2010-08-05,4998.55
2010-08-06,5098.99
2010-08-09,5136.83
2010-08-10,4977.91
2010-08-11,5009.68
2010-08-12,4953.76
2010-08-13,5021.61
2010-08-16,5135.84
2010-08-17,5162.31
2010-08-18,5167.13
2010-08-19,5181.41
2010-08-20,5107.96
2010-08-23,5144.75
2010-08-24,5206.21
2010-08-25,5083.88
2010-08-26,5097.86
2010-08-27,5115.14
2010-08-30,5211.2
2010-08-31,5200.32
2010-09-01,5164.34
2010-09-02,5216.02
2010-09-03,5214.37
2010-09-06,5270.5
2010-09-07,5289.1
2010-09-08,5285.97
2010-09-09,5220.84
2010-09-10,5267.72
2010-09-13,5325.44
2010-09-14,5313.99
2010-09-15,5227.51
2010-09-16,5121.58
2010-09-17,5114.52
2010-09-20,5063.16
2010-09-21,5082.82
2010-09-27,5174.23
2010-09-28,5112.94
2010-09-29,5077.51
2010-09-30,5154.48
2010-10-08,5272.01
2010-10-11,5417.73
2010-10-12,5440.8
2010-10-13,5478.13
2010-10-14,5438.35
2010-10-15,5564.76
2010-10-18,5625.44
2010-10-19,5668.4
2010-10-20,5623.71
2010-10-21,5622.65
2010-10-22,5605.02
2010-10-25,5726.21
2010-10-26,5714.18
2010-10-27,5670.11
2010-10-28,5662.67
2010-10-29,5649.74
2010-11-01,5768.88
2010-11-02,5783.21
2010-11-03,5739.45
2010-11-04,5823.2
2010-11-05,5907.52
2010-11-08,6009.28
2010-11-09,5953.77
2010-11-10,5906.53
2010-11-11,5903.6
2010-11-12,5572.79
2010-11-15,5667.06
2010-11-16,5474.57
2010-11-17,5376.16
2010-11-18,5410.73
2010-11-19,5475.0
2010-11-22,5479.42
2010-11-23,5364.39
2010-11-24,5453.55
2010-11-25,5523.38
2010-11-26,5478.27
2010-11-29,5485.16
2010-11-30,5355.47
2010-12-01,5393.07
2010-12-02,5422.77
2010-12-03,5407.3
2010-12-06,5385.58
2010-12-07,5421.39
2010-12-08,5393.69
2010-12-09,5333.24
2010-12-10,5375.54
2010-12-13,5510.45
2010-12-14,5529.46
2010-12-15,5514.34
2010-12-16,5491.06
2010-12-17,5491.24
2010-12-20,5413.19
2010-12-21,5490.69
2010-12-22,5446.11
2010-12-23,5397.93
2010-12-24,5365.57
2010-12-27,5260.59
2010-12-28,5162.3
2010-12-29,5191.92
2010-12-30,5187.05
2010-12-31,5267.29
2011-01-04,5332.11
2011-01-05,5321.62
2011-01-06,5308.67
2011-01-07,5347.97
2011-01-10,5278.7
2011-01-11,5321.64
2011-01-12,5355.47
2011-01-13,5358.8
2011-01-14,5307.92
2011-01-17,5145.14
2011-01-18,5159.4
2011-01-19,5241.17
2011-01-20,5112.85
2011-01-21,5190.42
2011-01-24,5176.02
2011-01-25,5166.61
2011-01-26,5218.98
2011-01-27,5275.69
2011-01-28,5275.81
2011-01-31,5339.62
2011-02-01,5326.46
2011-02-09,5296.01
2011-02-10,5364.17
2011-02-11,5399.77
2011-02-14,5524.7
2011-02-15,5506.1
2011-02-16,5545.4
2011-02-17,5555.79
2011-02-18,5520.31
2011-02-21,5593.73
2011-02-22,5453.53
2011-02-23,5478.89
2011-02-24,5502.08
2011-02-25,5497.5
2011-02-28,5561.1
2011-03-01,5580.81
2011-03-02,5569.1
2011-03-03,5566.76
2011-03-04,5641.25
2011-03-07,5707.67
2011-03-08,5727.0
2011-03-09,5736.4
2011-03-10,5672.57
2011-03-11,5632.53
2011-03-14,5647.32
2011-03-15,5575.24
2011-03-16,5626.53
2011-03-17,5563.24
2011-03-18,5573.8
2011-03-21,5562.79
2011-03-22,5581.85
2011-03-23,5648.38
2011-03-24,5628.61
2011-03-25,5684.39
2011-03-28,5687.59
2011-03-29,5647.99
2011-03-30,5647.05
2011-03-31,5593.82
2011-04-01,5653.58
2011-04-06,5710.74
2011-04-07,5721.49
2011-04-08,5757.39
2011-04-11,5746.18
2011-04-12,5815.7
2011-04-13,5868.21
2011-04-14,5861.32
2011-04-15,5886.42
2011-04-18,5924.58
2011-04-19,5843.9
2011-04-20,5862.25
2011-04-21,5916.16
2011-04-22,5907.49
2011-04-25,5840.16
2011-04-26,5766.53
2011-04-27,5737.19
2011-04-28,5632.07
2011-04-29,5714.2
2011-05-03,5791.72
2011-05-04,5697.26
2011-05-05,5724.24
2011-05-06,5717.1
2011-05-09,5741.48
2011-05-10,5773.32
2011-05-11,5749.31
2011-05-12,5676.15
2011-05-13,5713.48
2011-05-16,5670.67
2011-05-17,5653.12
2011-05-18,5686.81
2011-05-19,5659.74
2011-05-20,5636.25
2011-05-23,5449.86
2011-05-24,5447.47
2011-05-25,5387.89
2011-05-26,5364.29
2011-05-27,5310.03
2011-05-30,5294.67
2011-05-31,5368.45
2011-06-01,5368.91
2011-06-02,5285.23
2011-06-03,5332.34
2011-06-07,5358.69
2011-06-08,5363.6
2011-06-09,5270.37
2011-06-10,5297.84
2011-06-13,5274.46
2011-06-14,5325.08
2011-06-15,5293.1
2011-06-16,5189.55
2011-06-17,5149.31
2011-06-20,5105.38
2011-06-21,5152.66
2011-06-22,5138.57
2011-06-23,5207.83
2011-06-24,5316.89
2011-06-27,5330.41
2011-06-28,5324.35
2011-06-29,5269.63
2011-06-30,5324.1
2011-07-01,5333.78
2011-07-04,5430.88
2011-07-05,5430.12
2011-07-06,5421.45
2011-07-07,5404.8
2011-07-08,5418.48
2011-07-11,5436.05
2011-07-12,5345.39
2011-07-13,5409.84
2011-07-14,5423.07
2011-07-15,5441.73
2011-07-18,5438.99
2011-07-19,5394.89
2011-07-20,5397.39
2011-07-21,5352.18
2011-07-22,5356.2
2011-07-25,5194.51
2011-07-26,5206.0
2011-07-27,5236.43
2011-07-28,5193.68
2011-07-29,5206.77
2011-08-01,5213.77
2011-08-02,5165.41
2011-08-03,5165.33
2011-08-04,5178.06
2011-08-05,5065.55
2011-08-08,4837.87
2011-08-09,4828.33
2011-08-10,4874.33
2011-08-11,4952.91
2011-08-12,4998.06
2011-08-15,5061.11
2011-08-16,5019.99
2011-08-17,5007.38
2011-08-18,4930.03
2011-08-19,4886.16
2011-08-22,4862.88
2011-08-23,4935.14
2011-08-24,4917.88
2011-08-25,5051.53
2011-08-26,5047.31
2011-08-29,4985.33
2011-08-30,4969.68
2011-08-31,4972.4
2011-09-01,4955.1
2011-09-02,4898.95
2011-09-05,4821.67
2011-09-06,4802.21
2011-09-07,4899.76
2011-09-08,4867.41
2011-09-09,4866.4
2011-09-13,4822.97
2011-09-14,4852.43
2011-09-15,4842.89
2011-09-16,4842.25
2011-09-19,4767.61
2011-09-20,4789.33
2011-09-21,4894.67
2011-09-22,4777.78
2011-09-23,4751.38
2011-09-26,4675.34
2011-09-27,4709.23
2011-09-28,4652.32
2011-09-29,4603.71
2011-09-30,4602.24
2011-10-10,4589.29
2011-10-11,4614.36
2011-10-12,4747.02
2011-10-13,4785.05
2011-10-14,4770.13
2011-10-17,4777.52
2011-10-18,4667.88
2011-10-19,4666.88
2011-10-20,4582.62
2011-10-21,4580.15
2011-10-24,4682.27
2011-10-25,4748.84
2011-10-26,4775.16
2011-10-27,4802.16
2011-10-28,4869.49
2011-10-31,4863.03
2011-11-01,4865.97
2011-11-02,4931.47
2011-11-03,4929.65
2011-11-04,4957.03
2011-11-07,4934.13
2011-11-08,4920.54
2011-11-09,4948.07
2011-11-10,4872.01
2011-11-11,4867.5
2011-11-14,4952.54
2011-11-15,4952.02
2011-11-16,4836.64
2011-11-17,4825.36
2011-11-18,4740.58
2011-11-21,4755.56
2011-11-22,4763.44
2011-11-23,4745.24
2011-11-24,4755.27
2011-11-25,4722.43
2011-11-28,4735.46
2011-11-29,4780.51
2011-11-30,4631.35
2011-12-01,4715.75
2011-12-02,4657.8
2011-12-05,4603.5
2011-12-06,4599.49
2011-12-07,4615.09
2011-12-08,4621.16
2011-12-09,4611.08
2011-12-12,4578.91
2011-12-13,4506.5
2011-12-14,4480.74
2011-12-15,4414.34
2011-12-16,4489.13
2011-12-19,4476.92
2011-12-20,4464.04
2011-12-21,4420.41
2011-12-22,4397.88
2011-12-23,4434.71
2011-12-26,4428.24
2011-12-27,4375.45
2011-12-28,4357.39
2011-12-29,4353.01
2011-12-30,4397.51
2012-01-04,4339.8
2012-01-05,4294.72
2012-01-06,4326.14
2012-01-09,4443.77
2012-01-10,4554.72
2012-01-11,4526.59
2012-01-12,4525.01
2012-01-13,4445.33
2012-01-16,4389.66
2012-01-17,4564.13
2012-01-18,4492.78
2012-01-19,4554.56
2012-01-20,4606.11
2012-01-30,4532.37
2012-01-31,4538.61
2012-02-01,4496.81
2012-02-02,4574.65
2012-02-03,4613.34
2012-02-06,4612.03
2012-02-07,4531.85
2012-02-08,4630.68
2012-02-09,4640.77
2012-02-10,4650.69
2012-02-13,4648.37
2012-02-14,4634.33
2012-02-15,4691.48
2012-02-16,4683.79
2012-02-17,4677.14
2012-02-20,4677.24
2012-02-21,4699.63
2012-02-22,4760.21
2012-02-23,4777.97
2012-02-24,4852.58
2012-02-27,4888.74
2012-02-28,4912.33
2012-02-29,4839.58
2012-03-01,4849.14
2012-03-02,4926.05
2012-03-05,4892.01
2012-03-06,4824.92
2012-03-07,4803.11
2012-03-08,4845.86
2012-03-09,4883.94
2012-03-12,4871.05
2012-03-13,4913.17
2012-03-14,4763.46
2012-03-15,4723.53
2012-03-16,4802.22
2012-03-19,4818.52
2012-03-20,4748.47
2012-03-21,4752.98
2012-03-22,4754.81
2012-03-23,4690.26
2012-03-26,4684.81
2012-03-27,4682.16
2012-03-28,4557.29
2012-03-29,4500.61
2012-03-30,4530.08
2012-04-05,4612.2
2012-04-06,4613.07
2012-04-09,4573.01
2012-04-10,4614.71
2012-04-11,4623.77
2012-04-12,4703.55
2012-04-13,4718.83
2012-04-16,4729.39
2012-04-17,4677.84
2012-04-18,4765.86
2012-04-19,4754.09
2012-04-20,4813.36
2012-04-23,4796.58
2012-04-24,4798.95
2012-04-25,4851.1
2012-04-26,4823.61
2012-04-27,4800.82
2012-05-02,4874.08
2012-05-03,4865.47
2012-05-04,4889.46
2012-05-07,4898.21
2012-05-08,4880.86
2012-05-09,4797.99
2012-05-10,4801.19
2012-05-11,4775.17
2012-05-14,4760.29
2012-05-15,4760.49
2012-05-16,4705.82
2012-05-17,4779.3
2012-05-18,4738.8
2012-05-21,4729.29
2012-05-22,4777.11
2012-05-23,4760.78
2012-05-24,4722.48
2012-05-25,4689.44
2012-05-28,4748.91
2012-05-29,4791.98
2012-05-30,4784.91
2012-05-31,4765.35
2012-06-01,4772.17
2012-06-04,4643.23
2012-06-05,4657.68
2012-06-06,4648.77
2012-06-07,4633.46
2012-06-08,4623.55
2012-06-11,4676.31
2012-06-12,4646.08
2012-06-13,4718.42
2012-06-14,4691.53
2012-06-15,4719.52
2012-06-18,4740.53
2012-06-19,4708.73
2012-06-20,4704.92
2012-06-21,4661.7
2012-06-25,4603.75
2012-06-26,4599.88
2012-06-27,4587.14
2012-06-28,4549.76
2012-06-29,4590.64
2012-07-02,4600.47
2012-07-03,4606.21
2012-07-04,4607.08
2012-07-05,4551.66
2012-07-06,4608.7
2012-07-09,4516.8
2012-07-10,4499.25
2012-07-11,4523.03
2012-07-12,4535.08
2012-07-13,4531.7
2012-07-16,4438.6
2012-07-17,4464.42
2012-07-18,4484.26
2012-07-19,4512.46
2012-07-20,4483.54
2012-07-23,4431.4
2012-07-24,4443.35
2012-07-25,4414.27
2012-07-26,4397.77
2012-07-27,4399.41
2012-07-30,4380.15
2012-07-31,4376.72
2012-08-01,4417.41
2012-08-02,4397.32
2012-08-03,4435.86
2012-08-06,4474.11
2012-08-07,4481.7
2012-08-08,4477.42
2012-08-09,4504.84
2012-08-10,4502.79
2012-08-13,4438.03
2012-08-14,4445.5
2012-08-15,4401.33
2012-08-16,4393.85
2012-08-17,4393.96
2012-08-20,4374.88
2012-08-21,4401.03
2012-08-22,4382.01
2012-08-23,4390.87
2012-08-24,4348.15
2012-08-27,4278.32
2012-08-28,4320.38
2012-08-29,4290.03
2012-08-30,4287.05
2012-08-31,4280.03
2012-09-03,4294.35
2012-09-04,4247.37
2012-09-05,4241.55
2012-09-06,4267.37
2012-09-07,4403.85
2012-09-10,4410.08
2012-09-11,4383.82
2012-09-12,4388.65
2012-09-13,4359.26
2012-09-14,4380.34
2012-09-17,4285.05
2012-09-18,4254.56
2012-09-19,4266.45
2012-09-20,4180.58
2012-09-21,4184.59
2012-09-24,4181.32
2012-09-25,4175.24
2012-09-26,4123.62
2012-09-27,4216.79
2012-09-28,4275.4
2012-10-08,4247.14
2012-10-09,4332.59
2012-10-10,4349.72
2012-10-11,4318.09
2012-10-12,4322.61
2012-10-15,4305.71
2012-10-16,4304.36
2012-10-17,4315.33
2012-10-18,4369.64
2012-10-19,4360.4
2012-10-22,4368.18
2012-10-23,4347.69
2012-10-24,4366.14
2012-10-25,4351.78
2012-10-26,4266.25
2012-10-29,4261.77
2012-10-30,4263.51
2012-10-31,4277.36
2012-11-01,4337.67
2012-11-02,4363.76
2012-11-05,4366.58
2012-11-06,4347.69
2012-11-07,4348.35
2012-11-08,4279.82
2012-11-09,4276.05
2012-11-12,4301.41
2012-11-13,4242.22
2012-11-14,4254.77
2012-11-15,4200.09
2012-11-16,4172.86
2012-11-19,4188.76
2012-11-20,4180.68
2012-11-21,4221.36
2012-11-22,4193.0
2012-11-23,4216.05
2012-11-26,4196.31
2012-11-27,4140.76
2012-11-28,4100.03
2012-11-29,4091.75
2012-11-30,4128.86
2012-12-03,4083.42
2012-12-04,4118.4
2012-12-05,4226.14
2012-12-06,4224.87
2012-12-07,4291.27
2012-12-10,4331.14
2012-12-11,4304.94
2012-12-12,4312.23
2012-12-13,4275.72
2012-12-14,4446.42
2012-12-17,4464.91
2012-12-18,4460.19
2012-12-19,4463.98
2012-12-20,4475.73
2012-12-21,4456.51
2012-12-24,4469.2
2012-12-25,4579.88
2012-12-26,4595.68
2012-12-27,4566.1
2012-12-28,4607.6
2012-12-31,4666.64
2013-01-04,4682.69
2013-01-07,4704.34
2013-01-08,4693.19
2013-01-09,4687.65
2013-01-10,4703.03
2013-01-11,4613.55
2013-01-14,4746.89
2013-01-15,4783.7
2013-01-16,4739.71
2013-01-17,4707.6
2013-01-18,4776.39
2013-01-21,4812.48
2013-01-22,4784.49
2013-01-23,4787.52
2013-01-24,4734.18
2013-01-25,4717.37
2013-01-28,4820.75
2013-01-29,4833.09
2013-01-30,4882.63
2013-01-31,4882.57
2013-02-01,4930.43
2013-02-04,4950.72
2013-02-05,4988.06
2013-02-06,4975.83
2013-02-07,4949.42
2013-02-08,4987.39
2013-02-18,4990.29
2013-02-19,4921.55
2013-02-20,4954.0
2013-02-21,4818.2
2013-02-22,4797.9
2013-02-25,4834.04
2013-02-26,4750.72
2013-02-27,4771.2
2013-02-28,4869.12
2013-03-01,4878.02
2013-03-04,4726.08
2013-03-05,4823.45
2013-03-06,4875.63
2013-03-07,4830.27
2013-03-08,4828.2
2013-03-11,4812.95
2013-03-12,4745.34
2013-03-13,4699.17
2013-03-14,4708.46
2013-03-15,4742.29
2013-03-18,4679.66
2013-03-19,4709.94
2013-03-20,4819.66
2013-03-21,4842.01
2013-03-22,4861.63
2013-03-25,4866.94
2013-03-26,4819.0
2013-03-27,4828.9
2013-03-28,4708.62
2013-03-29,4722.34
2013-04-01,4724.01
2013-04-02,4707.17
2013-04-03,4703.07
2013-04-08,4674.44
2013-04-09,4698.31
2013-04-10,4685.66
2013-04-11,4668.93
2013-04-12,4638.29
2013-04-15,4585.54
2013-04-16,4615.49
2013-04-17,4600.88
2013-04-18,4612.85
2013-04-19,4706.34
2013-04-22,4702.96
2013-04-23,4583.42
2013-04-24,4643.31
2013-04-25,4608.55
2013-04-26,4569.8
2013-05-02,4569.42
2013-05-03,4636.5
2013-05-06,4680.23
2013-05-07,4691.3
2013-05-08,4705.53
2013-05-09,4679.27
2013-05-10,4714.6
2013-05-13,4705.03
2013-05-14,4654.51
2013-05-15,4674.71
2013-05-16,4724.66
2013-05-17,4784.17
2013-05-20,4817.96
2013-05-21,4843.63
2013-05-22,4819.19
2013-05-23,4764.9
2013-05-24,4786.16
2013-05-27,4795.4
2013-05-28,4855.55
2013-05-29,4863.32
2013-05-30,4860.06
2013-05-31,4842.58
2013-06-03,4856.43
2013-06-04,4792.18
2013-06-05,4799.95
2013-06-06,4748.59
2013-06-07,4677.99
2013-06-13,4557.44
2013-06-14,4582.72
2013-06-17,4574.56
2013-06-18,4588.94
2013-06-19,4559.17
2013-06-20,4438.07
2013-06-21,4419.76
2013-06-24,4211.52
2013-06-25,4190.01
2013-06-26,4184.67
2013-06-27,4177.01
2013-06-28,4216.52
2013-07-01,4249.07
2013-07-02,4271.97
2013-07-03,4246.01
2013-07-04,4288.23
2013-07-05,4291.28
2013-07-08,4167.76
2013-07-09,4189.46
2013-07-10,4281.37
2013-07-11,4424.5
2013-07-12,4356.35
2013-07-15,4387.63
2013-07-16,4412.24
2013-07-17,4373.62
2013-07-18,4327.12
2013-07-19,4259.59
2013-07-22,4283.39
2013-07-23,4366.69
2013-07-24,4351.08
2013-07-25,4332.24
2013-07-26,4318.36
2013-07-29,4250.31
2013-07-30,4291.11
2013-07-31,4297.67
2013-08-01,4365.28
2013-08-02,4366.74
2013-08-05,4408.28
2013-08-06,4444.26
2013-08-07,4414.5
2013-08-08,4408.41
2013-08-09,4422.88
2013-08-12,4521.47
2013-08-13,4535.57
2013-08-14,4522.68
2013-08-15,4500.97
2013-08-16,4467.81
2013-08-19,4502.37
2013-08-20,4473.29
2013-08-21,4484.08
2013-08-22,4475.65
2013-08-23,4468.19
2013-08-26,4578.26
2013-08-27,4627.75
2013-08-28,4656.5
2013-08-29,4666.12
2013-08-30,4741.26
2013-09-02,4723.11
2013-09-03,4763.68
2013-09-04,4804.36
2013-09-05,4795.29
2013-09-06,4872.24
2013-09-09,5010.62
2013-09-10,5123.46
2013-09-11,5141.51
2013-09-12,5166.64
2013-09-13,5110.01
2013-09-16,5096.85
2013-09-17,4960.6
2013-09-18,5001.88
2013-09-23,5080.81
2013-09-24,5093.0
2013-09-25,5090.21
2013-09-26,4953.9
2013-09-27,4943.72
2013-09-30,4975.43
2013-10-08,5034.75
2013-10-09,5066.18
2013-10-10,5023.52
2013-10-11,5132.43
2013-10-14,5192.55
2013-10-15,5203.62
2013-10-16,5092.55
2013-10-17,5088.92
2013-10-18,5102.45
2013-10-21,5184.96
2013-10-22,5152.99
2013-10-23,5072.44
2013-10-24,5042.04
2013-10-25,4963.7
2013-10-28,4967.42
2013-10-29,4910.44
2013-10-30,5007.47
2013-10-31,4972.5
2013-11-01,4989.21
2013-11-04,4996.75
2013-11-05,5018.5
2013-11-06,4982.03
2013-11-07,4957.05
2013-11-08,4901.32
2013-11-11,4908.13
2013-11-12,4945.17
2013-11-13,4845.15
2013-11-14,4872.55
2013-11-15,4950.73
2013-11-18,5071.13
2013-11-19,5081.14
2013-11-20,5115.77
2013-11-21,5115.95
2013-11-22,5087.79
2013-11-25,5083.06
2013-11-26,5078.47
2013-11-27,5114.88
2013-11-28,5164.92
2013-11-29,5157.42
2013-12-02,5088.36
2013-12-03,5164.26
2013-12-04,5257.14
2013-12-05,5262.78
2013-12-06,5255.58
2013-12-09,5262.69
2013-12-10,5278.62
2013-12-11,5198.51
2013-12-12,5198.03
2013-12-13,5182.09
2013-12-16,5113.41
2013-12-17,5097.43
2013-12-18,5086.7
2013-12-19,5049.16
2013-12-20,4944.47
2013-12-23,4959.51
2013-12-24,4982.48
2013-12-25,4999.29
2013-12-26,4924.07
2013-12-27,4985.7
2013-12-30,4971.93
2013-12-31,5018.73
2014-01-02,4993.88
2014-01-03,4928.23
2014-01-06,4829.37
2014-01-07,4821.99
2014-01-08,4808.92
2014-01-09,4751.8
2014-01-10,4707.53
2014-01-13,4715.2
2014-01-14,4766.03
2014-01-15,4746.55
2014-01-16,4753.74
2014-01-17,4696.5
2014-01-20,4686.01
2014-01-21,4732.3
2014-01-22,4829.95
2014-01-23,4807.8
2014-01-24,4835.87
2014-01-27,4796.75
2014-01-28,4807.5
2014-01-29,4830.77
2014-01-30,4793.97
2014-02-07,4819.1
2014-02-10,4917.16
2014-02-11,4945.62
2014-02-12,4976.5
2014-02-13,4958.8
2014-02-14,5010.5
2014-02-17,5056.21
2014-02-18,5043.98
2014-02-19,5086.12
2014-02-20,5071.39
2014-02-21,5005.23
2014-02-24,4941.6
2014-02-25,4845.27
2014-02-26,4861.27
2014-02-27,4869.37
2014-02-28,4890.14
2014-03-03,4938.19
2014-03-04,4919.35
2014-03-05,4887.58
2014-03-06,4896.66
2014-03-07,4876.71
2014-03-10,4729.77
2014-03-11,4748.61
2014-03-12,4747.5
2014-03-13,4805.54
2014-03-14,4775.92
2014-03-17,4814.62
2014-03-18,4817.62
2014-03-19,4820.0
2014-03-20,4760.18
2014-03-21,4891.83
2014-03-24,4955.16
2014-03-25,4947.81
2014-03-26,4932.37
2014-03-27,4906.94
2014-03-28,4899.22
2014-03-31,4896.06
2014-04-01,4936.16
2014-04-02,4981.23
2014-04-03,4921.96
2014-04-04,4952.04
2014-04-08,5031.7
2014-04-09,5033.04
2014-04-10,5094.16
2014-04-11,5102.73
2014-04-14,5099.49
2014-04-15,5015.98
2014-04-16,5032.91
2014-04-17,5018.77
2014-04-18,5012.99
2014-04-21,4933.79
2014-04-22,4945.94
2014-04-23,4947.5
2014-04-24,4930.47
2014-04-25,4875.05
2014-04-28,4811.89
2014-04-29,4855.94
2014-04-30,4861.79
2014-05-05,4866.8
2014-05-06,4864.5
2014-05-07,4833.75
2014-05-08,4853.94
2014-05-09,4865.0
2014-05-12,4996.34
2014-05-13,4977.48
2014-05-14,4957.0
2014-05-15,4904.63
2014-05-16,4918.65
2014-05-19,4876.27
2014-05-20,4879.22
2014-05-21,4923.68
2014-05-22,4904.82
2014-05-23,4930.1
2014-05-26,4947.53
2014-05-27,4928.84
2014-05-28,4957.3
2014-05-29,4921.67
2014-05-30,4927.15
2014-06-03,4930.2
2014-06-04,4885.09
2014-06-05,4929.11
2014-06-06,4901.51
2014-06-09,4901.79
2014-06-10,4946.33
2014-06-11,4952.65
2014-06-12,4936.06
2014-06-13,4979.58
2014-06-16,5013.47
2014-06-17,4968.05
2014-06-18,4948.17
2014-06-19,4874.85
2014-06-20,4896.55
2014-06-23,4896.06
2014-06-24,4921.3
2014-06-25,4909.7
2014-06-26,4939.18
2014-06-27,4948.38
2014-06-30,4974.04
2014-07-01,4982.13
2014-07-02,5004.15
2014-07-03,5031.72
2014-07-04,5030.07
2014-07-07,5032.3
2014-07-08,5048.32
2014-07-09,4992.26
2014-07-10,5005.83
2014-07-11,5037.41
2014-07-14,5097.03
2014-07-15,5114.87
2014-07-16,5144.55
2014-07-17,5131.34
2014-07-18,5160.2
2014-07-21,5151.17
2014-07-22,5212.51
2014-07-23,5232.31
2014-07-24,5298.68
2014-07-25,5367.44
2014-07-28,5492.48
2014-07-29,5496.52
2014-07-30,5464.92
2014-07-31,5532.56
2014-08-01,5499.04
2014-08-04,5607.28
2014-08-05,5611.66
2014-08-06,5624.47
2014-08-07,5535.81
2014-08-08,5545.91
2014-08-11,5623.34
2014-08-12,5604.61
2014-08-13,5615.08
2014-08-14,5567.78
2014-08-15,5612.5
2014-08-18,5646.48
2014-08-19,5650.89
2014-08-20,5645.79
2014-08-21,5613.64
2014-08-22,5639.14
2014-08-25,5602.14
2014-08-26,5534.76
2014-08-27,5539.19
2014-08-28,5500.2
2014-08-29,5561.06
2014-09-01,5599.93
2014-09-02,5677.61
2014-09-03,5729.66
2014-09-04,5777.36
2014-09-05,5816.55
2014-09-09,5823.4
2014-09-10,5806.77
2014-09-11,5783.36
2014-09-12,5841.69
2014-09-15,5867.68
2014-09-16,5775.72
2014-09-17,5825.23
2014-09-18,5854.2
2014-09-19,5874.26
2014-09-22,5770.77
2014-09-23,5817.95
2014-09-24,5898.09
2014-09-25,5900.8
2014-09-26,5919.29
2014-09-29,5952.2
2014-09-30,5976.5
2014-10-08,6017.01
2014-10-09,6032.19
2014-10-10,5985.97
2014-10-13,5967.76
2014-10-14,5954.56
2014-10-15,6019.32
2014-10-16,5992.95
2014-10-17,5960.1
2014-10-20,5996.14
2014-10-21,5947.99
2014-10-22,5911.24
2014-10-23,5829.28
2014-10-24,5817.33
2014-10-27,5794.03
2014-10-28,5934.25
2014-10-29,6031.13
2014-10-30,6131.84
2014-10-31,6226.87
2014-11-03,6272.1
2014-11-04,6328.74
2014-11-05,6299.29
2014-11-06,6302.84
2014-11-07,6257.43
2014-11-10,6435.0
2014-11-11,6385.42
2014-11-12,6463.82
2014-11-13,6447.65
2014-11-14,6417.73
2014-11-17,6410.74
2014-11-18,6342.64
2014-11-19,6323.12
2014-11-20,6322.89
2014-11-21,6421.05
2014-11-24,6548.88
2014-11-25,6653.93
2014-11-26,6727.44
2014-11-27,6779.33
2014-11-28,6937.96
2014-12-01,6996.11
2014-12-02,7211.35
2014-12-03,7249.18
2014-12-04,7522.5
2014-12-05,7497.27
2014-12-08,7779.44
2014-12-09,7458.47
2014-12-10,7767.98
2014-12-11,7828.65
2014-12-12,7843.92
2014-12-15,7891.02
2014-12-16,8040.68
2014-12-17,8107.56
2014-12-18,8078.11
2014-12-19,8357.99
2014-12-22,8532.35
2014-12-23,8176.32
2014-12-24,8031.72
2014-12-25,8345.27
2014-12-26,8549.32
2014-12-29,8589.32
2014-12-30,8540.26
2014-12-31,8693.01
2015-01-05,9059.4
2015-01-06,9055.56
2015-01-07,9066.45
2015-01-08,8803.58
2015-01-09,8732.06
2015-01-12,8509.32
2015-01-13,8528.51
2015-01-14,8487.47
2015-01-15,8767.57
2015-01-16,8834.22
2015-01-19,8068.91
2015-01-20,8198.1
2015-01-21,8559.91
2015-01-22,8587.56
2015-01-23,8574.04
2015-01-26,8672.96
2015-01-27,8609.93
2015-01-28,8517.91
2015-01-29,8446.02
2015-01-30,8321.3
2015-02-02,8102.42
2015-02-03,8274.7
2015-02-04,8214.27
2015-02-05,8103.49
2015-02-06,7905.41
2015-02-09,7917.74
2015-02-10,8070.21
2015-02-11,8082.59
2015-02-12,8121.08
2015-02-13,8214.51
2015-02-16,8254.45
2015-02-17,8330.25
2015-02-25,8306.2
2015-02-26,8527.13
2015-02-27,8522.0
2015-03-02,8607.5
2015-03-03,8415.75
2015-03-04,8449.53
2015-03-05,8341.02
2015-03-06,8346.6
2015-03-09,8512.02
2015-03-10,8495.69
2015-03-11,8511.28
2015-03-12,8671.53
2015-03-13,8735.57
2015-03-16,8932.17
2015-03-17,9037.93
2015-03-18,9234.73
2015-03-19,9251.94
2015-03-20,9298.86
2015-03-23,9466.36
2015-03-24,9504.34
2015-03-25,9481.9
2015-03-26,9525.91
2015-03-27,9577.52
2015-03-30,9798.83
2015-03-31,9673.04
2015-04-01,9842.18
2015-04-02,9996.63
2015-04-03,10162.34
2015-04-07,10452.6
2015-04-08,10411.15
2015-04-09,10203.9
2015-04-10,10416.13
2015-04-13,10756.75
2015-04-14,10869.21
2015-04-15,10599.67
2015-04-16,10851.74
2015-04-17,10940.09
2015-04-20,10682.35
2015-04-21,10985.09
2015-04-22,11266.31
2015-04-23,11287.27
2015-04-24,11203.85
2015-04-27,11386.05
2015-04-28,11094.87
2015-04-29,11221.52
2015-04-30,11168.75
2015-05-04,11383.5
2015-05-05,10934.37
2015-05-06,10701.68
2015-05-07,10429.7
2015-05-08,10707.43
2015-05-11,11048.5
2015-05-12,11180.72
2015-05-13,11228.36
2015-05-14,11254.85
2015-05-15,11060.59
2015-05-18,11115.73
2015-05-19,11461.47
2015-05-20,11542.5
2015-05-21,11843.0
2015-05-22,12095.54
2015-05-25,12522.52
2015-05-26,12815.68
2015-05-27,12978.75
2015-05-28,12251.85
2015-05-29,12365.18
2015-06-01,13095.01
2015-06-02,13470.98
2015-06-03,13527.06
2015-06-04,13561.01
2015-06-05,13784.59
2015-06-08,13914.01
2015-06-09,13840.5
2015-06-10,13980.37
2015-06-11,14164.53
2015-06-12,14397.17
2015-06-15,14331.0
2015-06-16,13856.59
2015-06-17,14022.59
2015-06-18,13609.19
2015-06-19,12747.44
2015-06-23,12987.55
2015-06-24,13325.98
2015-06-25,12809.68
2015-06-26,11829.53
2015-06-29,11495.35
2015-06-30,12129.25
2015-07-01,11605.69
2015-07-02,11081.89
2015-07-03,10475.03
2015-07-06,10644.63
2015-07-07,10172.04
2015-07-08,9575.85
2015-07-09,10276.26
2015-07-10,10944.03
2015-07-13,11488.91
2015-07-14,11310.48
2015-07-15,10722.82
2015-07-16,10956.91
2015-07-17,11394.51
2015-07-20,11354.45
2015-07-21,11437.68
2015-07-22,11449.93
2015-07-23,11721.85
2015-07-24,11509.63
2015-07-27,10568.45
2015-07-28,10545.61
2015-07-29,10947.39
2015-07-30,10665.49
2015-07-31,10715.8
2015-08-03,10820.95
2015-08-04,11193.5
2015-08-05,11036.2
2015-08-06,10968.48
2015-08-07,11155.39
2015-08-10,11585.14
2015-08-11,11640.58
2015-08-12,11557.22
2015-08-13,11722.92
2015-08-14,11812.82
2015-08-17,12033.44
2015-08-18,11182.03
2015-08-19,11437.05
2015-08-20,11109.98
2015-08-21,10581.07
2015-08-24,9665.84
2015-08-25,8980.89
2015-08-26,9068.84
2015-08-27,9558.41
2015-08-28,10017.28
2015-08-31,9825.13
2015-09-01,9585.43
2015-09-02,9639.33
2015-09-07,9474.55
2015-09-08,9794.73
2015-09-09,9979.93
2015-09-10,9822.79
2015-09-11,9874.6
2015-09-14,9578.66
2015-09-15,9284.37
2015-09-16,9738.59
2015-09-17,9509.85
2015-09-18,9530.29
2015-09-21,9672.52
2015-09-22,9744.25
2015-09-23,9568.61
2015-09-24,9643.08
2015-09-25,9505.68
2015-09-28,9562.58
2015-09-29,9401.46
2015-09-30,9453.7
2015-10-08,9756.51
2015-10-09,9856.22
2015-10-12,10156.96
2015-10-13,10171.79
2015-10-14,10021.94
2015-10-15,10219.58
2015-10-16,10319.36
2015-10-19,10311.67
2015-10-20,10377.81
2015-10-21,10040.1
2015-10-22,10181.82
2015-10-23,10369.71
2015-10-26,10396.53
2015-10-27,10373.44
2015-10-28,10255.7
2015-10-29,10330.75
2015-10-30,10309.14
2015-11-02,10188.55
2015-11-03,10176.54
2015-11-04,10569.58
2015-11-05,10693.05
2015-11-06,10845.56
2015-11-09,11030.61
2015-11-10,10982.45
2015-11-11,10994.91
2015-11-12,10919.13
2015-11-13,10775.46
2015-11-16,10880.23
2015-11-17,10880.16
2015-11-18,10809.75
2015-11-19,10954.21
2015-11-20,10982.62
2015-11-23,10926.11
2015-11-24,10953.04
2015-11-25,11052.52
2015-11-26,11058.62
2015-11-27,10514.99
2015-11-30,10609.52
2015-12-01,10679.34
2015-12-02,10985.27
2015-12-03,11131.44
2015-12-04,10978.73
2015-12-07,11024.07
2015-12-08,10755.09
2015-12-09,10803.14
2015-12-10,10771.99
2015-12-11,10720.92
2015-12-14,10943.64
2015-12-15,10917.46
2015-12-16,10927.45
2015-12-17,11109.76
2015-12-18,11135.53
2015-12-21,11473.11
2015-12-22,11484.18
2015-12-23,11465.71
2015-12-24,11406.3
2015-12-25,11442.27
2015-12-28,11143.29
2015-12-29,11256.15
2015-12-30,11274.04
2015-12-31,11194.72
2016-01-04,10470.02
2016-01-05,10491.17
2016-01-06,10769.74
2016-01-07,10097.8
2016-01-08,10371.04
2016-01-11,9809.03
2016-01-12,9802.56
2016-01-13,9641.48
2016-01-14,9833.7
2016-01-15,9497.81
2016-01-18,9515.36
2016-01-19,9791.17
2016-01-20,9641.94
2016-01-21,9418.36
2016-01-22,9532.86
2016-01-25,9620.77
2016-01-26,9057.16
2016-01-27,9035.1
2016-01-28,8820.17
2016-01-29,9061.65
2016-02-01,8942.57
2016-02-02,9103.47
2016-02-03,9051.21
2016-02-04,9168.15
2016-02-05,9116.57
2016-02-15,9063.52
2016-02-16,9328.18
2016-02-17,9407.7
2016-02-18,9418.16
2016-02-19,9400.82
2016-02-22,9616.18
2016-02-23,9568.67
2016-02-24,9613.54
2016-02-25,9059.05
2016-02-26,9187.51
2016-02-29,8987.79
2016-03-01,9157.78
2016-03-02,9543.86
2016-03-03,9589.81
2016-03-04,9682.82
2016-03-07,9778.59
2016-03-08,9755.39
2016-03-09,9605.09
2016-03-10,9457.12
2016-03-11,9474.19
2016-03-14,9613.48
2016-03-15,9653.09
2016-03-16,9698.85
2016-03-17,9781.47
2016-03-18,9890.79
2016-03-21,10022.79
2016-03-22,9966.91
2016-03-23,9974.07
2016-03-24,9831.01
2016-03-25,9888.02
2016-03-28,9877.03
2016-03-29,9773.85
2016-03-30,10020.22
2016-03-31,10046.16
2016-04-01,10060.21
2016-04-05,10163.55
2016-04-06,10154.07
2016-04-07,10020.59
2016-04-08,9944.28
2016-04-11,10094.56
2016-04-12,10080.52
2016-04-13,10217.84
2016-04-14,10268.68
2016-04-15,10246.82
2016-04-18,10094.25
2016-04-19,10102.57
2016-04-20,9933.28
2016-04-21,9901.43
2016-04-22,9949.32
2016-04-25,9949.33
2016-04-26,9991.6
2016-04-27,9970.67
2016-04-28,9948.12
2016-04-29,9958.18
2016-05-03,10135.01
2016-05-04,10101.53
2016-05-05,10099.78
2016-05-06,9838.31
2016-05-09,9653.15
2016-05-10,9675.45
2016-05-11,9764.94
2016-05-12,9791.86
2016-05-13,9752.64
2016-05-16,9813.7
2016-05-17,9773.35
2016-05-18,9671.93
2016-05-19,9643.23
2016-05-20,9686.12
2016-05-23,9736.15
2016-05-24,9674.44
2016-05-25,9662.09
2016-05-26,9668.97
2016-05-27,9679.56
2016-05-30,9697.66
2016-05-31,9969.03
2016-06-01,9941.11
2016-06-02,9963.03
2016-06-03,10061.56
2016-06-06,10051.59
2016-06-07,10070.69
2016-06-08,10025.47
2016-06-13,9790.06
2016-06-14,9839.15
2016-06-15,9977.21
2016-06-16,9936.72
2016-06-17,10013.03
2016-06-20,10016.9
2016-06-21,9987.57
2016-06-22,10065.69
2016-06-23,10019.62
2016-06-24,9924.92
2016-06-27,10043.85
2016-06-28,10066.55
2016-06-29,10101.91
2016-06-30,10132.08
2016-07-01,10153.02
2016-07-04,10325.77
2016-07-05,10359.0
2016-07-06,10432.83
2016-07-07,10430.52
2016-07-08,10389.84
2016-07-11,10475.51
2016-07-12,10718.73
2016-07-13,10741.25
2016-07-14,10698.39
2016-07-15,10732.96
2016-07-18,10739.72
2016-07-19,10660.8
2016-07-20,10646.39
2016-07-21,10699.94
2016-07-22,10583.55
2016-07-25,10617.43
2016-07-26,10771.88
2016-07-27,10682.75
2016-07-28,10810.47
2016-07-29,10789.83
2016-08-01,10692.85
2016-08-02,10731.42
2016-08-03,10739.18
2016-08-04,10736.77
2016-08-05,10725.65
2016-08-08,10821.41
2016-08-09,10901.68
2016-08-10,10848.64
2016-08-11,10831.21
2016-08-12,11006.25
2016-08-15,11248.6
2016-08-16,11166.39
2016-08-17,11161.38
2016-08-18,11117.77
2016-08-19,11098.57
2016-08-22,11055.74
2016-08-23,11073.06
2016-08-24,11052.12
2016-08-25,10993.87
2016-08-26,10986.01
2016-08-29,10962.85
2016-08-30,10982.47
2016-08-31,11012.1
2016-09-01,10943.92
2016-09-02,10983.07
2016-09-05,11022.75
2016-09-06,11096.21
2016-09-07,11114.32
2016-09-08,11108.85
2016-09-09,11043.33
2016-09-12,10886.81
2016-09-13,10877.23
2016-09-14,10795.71
2016-09-19,10877.04
2016-09-20,10862.29
2016-09-21,10871.86
2016-09-22,10942.41
2016-09-23,10926.94
2016-09-26,10777.64
2016-09-27,10835.79
2016-09-28,10800.1
2016-09-29,10855.81
2016-09-30,10885.98
2016-10-10,11044.0
2016-10-11,11079.99
2016-10-12,11040.09
2016-10-13,11036.91
2016-10-14,11046.47
2016-10-17,10967.3
2016-10-18,11104.14
2016-10-19,11092.34
2016-10-20,11094.42
2016-10-21,11166.01
2016-10-24,11307.16
2016-10-25,11325.91
2016-10-26,11273.83
2016-10-27,11230.86
2016-10-28,11217.32
2016-10-31,11204.59
2016-11-01,11249.03
2016-11-02,11159.63
2016-11-03,11236.65
2016-11-04,11218.71
2016-11-07,11246.76
2016-11-08,11287.87
2016-11-09,11210.57
2016-11-10,11343.57
2016-11-11,11405.15
2016-11-14,11460.28
2016-11-15,11435.69
2016-11-16,11424.56
2016-11-17,11469.09
2016-11-18,11393.63
2016-11-21,11489.34
2016-11-22,11576.17
2016-11-23,11615.46
2016-11-24,11669.79
2016-11-25,11767.33
2016-11-28,11845.53
2016-11-29,11985.79
2016-11-30,11840.18
2016-12-01,11972.14
2016-12-02,11891.1
2016-12-05,11719.43
2016-12-06,11687.12
2016-12-07,11718.94
2016-12-08,11717.31
2016-12-09,11815.58
2016-12-12,11618.5
2016-12-13,11601.03
2016-12-14,11564.42
2016-12-15,11404.67
2016-12-16,11418.38
2016-12-19,11433.85
2016-12-20,11346.6
2016-12-21,11473.23
2016-12-22,11497.2
2016-12-23,11400.94
2016-12-26,11429.13
2016-12-27,11408.07
2016-12-28,11375.15
2016-12-29,11376.96
2016-12-30,11431.14
2017-01-03,11552.73
2017-01-04,11632.43
2017-01-05,11676.98
2017-01-06,11661.6
2017-01-09,11734.88
2017-01-10,11699.91
2017-01-11,11619.96
2017-01-12,11561.3
2017-01-13,11582.06
2017-01-16,11647.27
2017-01-17,11675.01
2017-01-18,11742.92
2017-01-19,11708.72
2017-01-20,11776.8
2017-01-23,11801.05
2017-01-24,11861.21
2017-01-25,11875.17
2017-01-26,11895.44
2017-02-03,11817.2
2017-02-06,11859.32
2017-02-07,11859.88
2017-02-08,11887.92
2017-02-09,11929.22
2017-02-10,12014.52
2017-02-13,12092.11
2017-02-14,12111.1
2017-02-15,12111.76
2017-02-16,12168.3
2017-02-17,12074.01
2017-02-20,12295.97
2017-02-21,12316.89
2017-02-22,12392.93
2017-02-23,12316.72
2017-02-24,12290.04
2017-02-27,12191.21
2017-02-28,12235.51
2017-03-01,12248.86
2017-03-02,12183.0
2017-03-03,12159.7
2017-03-06,12200.59
2017-03-07,12234.73
2017-03-08,12209.77
2017-03-09,12119.06
2017-03-10,12125.52
2017-03-13,12228.5
2017-03-14,12230.67
2017-03-15,12264.34
2017-03-16,12294.33
2017-03-17,12178.18
2017-03-20,12267.09
2017-03-21,12359.39
2017-03-22,12306.56
2017-03-23,12320.86
2017-03-24,12407.29
2017-03-27,12405.57
2017-03-28,12371.74
2017-03-29,12369.71
2017-03-30,12325.37
2017-03-31,12409.15
2017-04-05,12537.29
2017-04-06,12578.67
2017-04-07,12624.35
2017-04-10,12642.43
2017-04-11,12681.73
2017-04-12,12686.06
2017-04-13,12732.6
2017-04-14,12628.76
2017-04-17,12591.82
2017-04-18,12535.72
2017-04-19,12477.14
2017-04-20,12528.81
2017-04-21,12567.62
2017-04-24,12492.16
2017-04-25,12510.88
2017-04-26,12549.25
2017-04-27,12557.63
2017-04-28,12489.88
2017-05-02,12409.46
2017-05-03,12339.05
2017-05-04,12343.41
2017-05-05,12305.64
2017-05-08,12256.12
2017-05-09,12256.28
2017-05-10,12179.02
2017-05-11,12267.07
2017-05-12,12361.98
2017-05-15,12425.17
2017-05-16,12532.85
2017-05-17,12469.88
2017-05-18,12436.87
2017-05-19,12483.44
2017-05-22,12502.23
2017-05-23,12567.34
2017-05-24,12569.94
2017-05-25,12712.32
2017-05-26,12742.4
2017-05-31,12784.33
2017-06-01,12809.42
2017-06-02,12812.29
2017-06-05,12743.2
2017-06-06,12774.18
2017-06-07,12898.6
2017-06-08,13009.72
2017-06-09,13076.44
2017-06-12,13044.0
2017-06-13,13082.34
2017-06-14,12982.04
2017-06-15,12942.16
2017-06-16,12884.08
2017-06-19,12950.15
2017-06-20,12924.34
2017-06-21,13012.85
2017-06-22,13037.9
2017-06-23,13093.86
2017-06-26,13193.77
2017-06-27,13216.03
2017-06-28,13184.27
2017-06-29,13259.12
2017-06-30,13278.76
2017-07-03,13279.36
2017-07-04,13233.1
2017-07-05,13288.36
2017-07-06,13303.83
2017-07-07,13344.75
2017-07-10,13333.93
2017-07-11,13354.38
2017-07-12,13300.57
2017-07-13,13404.53
2017-07-14,13472.58
2017-07-17,13340.66
2017-07-18,13330.03
2017-07-19,13494.59
2017-07-20,13575.45
2017-07-21,13565.58
2017-07-24,13637.26
2017-07-25,13597.84
2017-07-26,13573.57
2017-07-27,13635.07
2017-07-28,13620.3
2017-07-31,13653.34
2017-08-01,13737.23
2017-08-02,13688.64
2017-08-03,13634.46
2017-08-04,13595.67
2017-08-07,13604.37
2017-08-08,13595.62
2017-08-09,13548.02
2017-08-10,13500.03
2017-08-11,13321.03
2017-08-14,13378.69
2017-08-15,13419.25
2017-08-16,13404.82
2017-08-17,13473.89
2017-08-18,13491.41
2017-08-21,13538.13
2017-08-22,13535.17
2017-08-23,13528.06
2017-08-24,13490.28
2017-08-25,13695.4
2017-08-28,13798.74
2017-08-29,13799.61
2017-08-30,13769.62
2017-08-31,13716.33
2017-09-01,13741.43
2017-09-04,13770.07
2017-09-05,13782.02
2017-09-06,13751.8
2017-09-07,13684.62
2017-09-08,13684.17
2017-09-11,13714.71
2017-09-12,13736.62
2017-09-13,13717.51
2017-09-14,13671.79
2017-09-15,13656.53
2017-09-18,13701.24
2017-09-19,13653.33
2017-09-20,13683.1
2017-09-21,13654.58
2017-09-22,13644.84
2017-09-25,13609.37
2017-09-26,13604.24
2017-09-27,13600.42
2017-09-28,13590.49
2017-09-29,13624.57
2017-10-09,13734.1
2017-10-10,13816.59
2017-10-11,13863.43
2017-10-12,13831.44
2017-10-13,13837.43
2017-10-16,13763.66
2017-10-17,13745.72
2017-10-18,13811.56
2017-10-19,13792.94
2017-10-20,13838.16
2017-10-23,13837.9
2017-10-24,13888.79
2017-10-25,13888.74
2017-10-26,13853.81
2017-10-27,13888.44
2017-10-30,13772.07
2017-10-31,13754.34
2017-11-01,13697.09
2017-11-02,13645.04
2017-11-03,13595.48
2017-11-06,13614.84
2017-11-07,13688.06
2017-11-08,13744.68
2017-11-09,13759.53
2017-11-10,13750.92
2017-11-13,13752.33
2017-11-14,13677.98
2017-11-15,13596.67
2017-11-16,13570.53
2017-11-17,13585.2
2017-11-20,13621.7
2017-11-21,13712.83
2017-11-22,13795.25
2017-11-23,13556.75
2017-11-24,13571.1
2017-11-27,13467.42
2017-11-28,13440.55
2017-11-29,13413.26
2017-11-30,13363.24
2017-12-01,13386.95
2017-12-04,13354.62
2017-12-05,13378.97
2017-12-06,13349.55
2017-12-07,13266.86
2017-12-08,13280.82
2017-12-11,13353.27
2017-12-12,13227.65
2017-12-13,13288.72
2017-12-14,13252.43
2017-12-15,13190.74
2017-12-18,13167.32
2017-12-19,13243.3
2017-12-20,13191.25
2017-12-21,13211.9
2017-12-22,13202.34
2017-12-25,13118.3
2017-12-26,13195.84
2017-12-27,13121.22
2017-12-28,13130.35
2017-12-29,13202.41
2018-01-02,13340.91
2018-01-03,13414.19
2018-01-04,13436.65
2018-01-05,13490.49
2018-01-08,13542.44
2018-01-09,13509.94
2018-01-10,13533.46
2018-01-11,13551.27
2018-01-12,13558.91
2018-01-15,13489.77
2018-01-16,13632.86
2018-01-17,13703.34
2018-01-18,13814.53
2018-01-19,13882.36
2018-01-22,13940.42
2018-01-23,14072.13
2018-01-24,14174.32
2018-01-25,14126.53
2018-01-26,14188.3
2018-01-29,14065.16
2018-01-30,13975.51
2018-01-31,13865.91
2018-02-01,13726.91
2018-02-02,13755.37
2018-02-05,13957.67
2018-02-06,13593.06
2018-02-07,13420.96
2018-02-08,13275.75
2018-02-09,12783.58
2018-02-12,12863.14
2018-02-13,12953.91
2018-02-14,12947.51
2018-02-22,13174.04
2018-02-23,13211.72
2018-02-26,13348.38
2018-02-27,13227.17
2018-02-28,13148.05
2018-03-01,13200.48
2018-03-02,13173.67
2018-03-05,13168.97
2018-03-06,13315.34
2018-03-07,13275.47
2018-03-08,13348.06
2018-03-09,13411.81
2018-03-12,13476.25
2018-03-13,13400.66
2018-03-14,13312.46
2018-03-15,13284.03
2018-03-16,13241.0
2018-03-19,13240.4
2018-03-20,13269.83
2018-03-21,13232.85
2018-03-22,13188.32
2018-03-23,12714.34
2018-03-26,12727.88
2018-03-27,12855.38
2018-03-28,12753.78
2018-03-29,12882.8
2018-03-30,12906.15
2018-04-02,12885.55
2018-04-03,12770.49
2018-04-04,12733.55
2018-04-09,12710.74
2018-04-10,12867.23
2018-04-11,12926.45
2018-04-12,12835.87
2018-04-13,12775.89
2018-04-16,12608.43
2018-04-17,12491.42
2018-04-18,12573.33
2018-04-19,12604.83
2018-04-20,12401.69
2018-04-23,12376.3
2018-04-24,12565.99
2018-04-25,12539.65
2018-04-26,12372.69
2018-04-27,12458.9
2018-05-02,12474.78
2018-05-03,12576.16
2018-05-04,12570.87
2018-05-07,12695.05
2018-05-08,12735.04
2018-05-09,12723.14
2018-05-10,12785.49
2018-05-11,12723.49
2018-05-14,12729.34
2018-05-15,12792.3
2018-05-16,12778.82
2018-05-17,12759.48
2018-05-18,12824.37
2018-05-21,12927.07
2018-05-22,12934.72
2018-05-23,12865.52
2018-05-24,12818.23
2018-05-25,12784.26
2018-05-28,12748.14
2018-05-29,12693.24
2018-05-30,12425.18
2018-05-31,12602.86
2018-06-01,12519.9
2018-06-04,12529.05
2018-06-05,12588.45
2018-06-06,12571.58
2018-06-07,12485.04
2018-06-08,12307.4
2018-06-11,12244.25
2018-06-12,12316.85
2018-06-13,12233.86
2018-06-14,12219.23
2018-06-15,12172.56
2018-06-18,12172.56
2018-06-19,11617.05
2018-06-20,11681.38
2018-06-21,11561.79
2018-06-22,11640.19
2018-06-25,11566.03
2018-06-26,11510.09
2018-06-27,11448.11
2018-06-28,11397.97
2018-06-29,11574.46
2018-07-02,11378.66
2018-07-03,11475.25
2018-07-04,11427.32
2018-07-05,11302.7
2018-07-06,11312.18
2018-07-09,11517.74
2018-07-10,11541.4
2018-07-11,11362.35
2018-07-12,11584.29
2018-07-13,11578.15
2018-07-16,11523.29
2018-07-17,11496.85
2018-07-18,11580.41
2018-07-19,11551.3
2018-07-20,11769.94
2018-07-23,11903.61
2018-07-24,12063.05
2018-07-25,12008.31
2018-07-26,12026.57
2018-07-27,11978.57
2018-07-30,11984.01
2018-07-31,11994.45
2018-08-01,11822.62
2018-08-02,11621.37
2018-08-03,11578.68
2018-08-06,11478.08
2018-08-07,11746.19
2018-08-08,11645.78
2018-08-09,11784.67
2018-08-10,11719.42
2018-08-13,11664.59
2018-08-14,11651.68
2018-08-15,11464.92
2018-08-16,11399.02
2018-08-17,11293.81
2018-08-20,11369.36
2018-08-21,11462.08
2018-08-22,11379.56
2018-08-23,11411.41
2018-08-24,11459.72
2018-08-27,11614.09
2018-08-28,11618.09
2018-08-29,11556.79
2018-08-30,11480.39
2018-08-31,11446.17
2018-09-03,11431.81
2018-09-04,11526.32
2018-09-05,11396.1
2018-09-06,11337.24
2018-09-07,11356.57
2018-09-10,11270.24
2018-09-11,11266.0
2018-09-12,11250.17
2018-09-13,11365.11
2018-09-14,11371.92
2018-09-17,11280.52
2018-09-18,11438.31
2018-09-19,11507.19
2018-09-20,11500.23
2018-09-21,11717.1
2018-09-25,11675.08
2018-09-26,11710.52
2018-09-27,11679.85
2018-09-28,11773.23
2018-10-08,11479.22
2018-10-09,11444.49
2018-10-10,11488.11
2018-10-11,10850.05
2018-10-12,10867.69
2018-10-15,10695.27
2018-10-16,10581.71
2018-10-17,10675.23
2018-10-18,10474.63
2018-10-19,10703.86
2018-10-22,11131.66
2018-10-23,10942.9
2018-10-24,11026.65
2018-10-25,11099.41
2018-10-26,11120.42
2018-10-29,10992.53
2018-10-30,11117.58
2018-10-31,11196.59
2018-11-01,11207.66
2018-11-02,11421.17
2018-11-05,11416.54
2018-11-06,11429.0
2018-11-07,11365.07
2018-11-08,11326.48
2018-11-09,11242.46
2018-11-12,11437.92
2018-11-13,11621.37
2018-11-14,11552.25
2018-11-15,11690.94
2018-11-16,11797.0
2018-11-19,11878.0
2018-11-20,11614.09
2018-11-21,11638.9
2018-11-22,11638.76
2018-11-23,11315.34
2018-11-26,11325.73
2018-11-27,11324.57
2018-11-28,11432.85
2018-11-29,11274.25
2018-11-30,11361.35
2018-12-03,11610.39
2018-12-04,11674.4
2018-12-05,11580.64
2018-12-06,11422.72
2018-12-07,11460.55
2018-12-10,11353.74
2018-12-11,11379.3
2018-12-12,11413.07
2018-12-13,11551.01
2018-12-14,11400.17
2018-12-17,11463.53
2018-12-18,11430.97
2018-12-19,11373.23
2018-12-20,11355.62
2018-12-21,11303.82
2018-12-24,11372.47
2018-12-25,11308.47
2018-12-26,11362.47
2018-12-27,11266.79
2018-12-28,11338.62
2019-01-02,11198.08
2019-01-03,11191.6
2019-01-04,11399.7
2019-01-07,11496.85
2019-01-08,11512.87
2019-01-09,11545.66
2019-01-10,11501.16
2019-01-11,11547.67
2019-01-14,11500.61
2019-01-15,11586.43
2019-01-16,11588.74
2019-01-17,11564.47
2019-01-18,11655.42
2019-01-21,11673.94
2019-01-22,11583.13
2019-01-23,11615.37
2019-01-24,11655.42
2019-01-25,11669.51
2019-01-28,11655.24
2019-01-29,11632.64
2019-01-30,11549.61
2019-01-31,11580.11
2019-02-01,11735.48
2019-02-11,11881.18
2019-02-12,11965.04
2019-02-13,12123.7
2019-02-14,12099.39
2019-02-15,11972.43
2019-02-18,12235.15
2019-02-19,12237.36
2019-02-20,12246.59
2019-02-21,12214.75
2019-02-22,12434.02
2019-02-25,13014.48
2019-02-26,12962.93
2019-02-27,12933.01
2019-02-28,12863.21
2019-03-01,13019.95
2019-03-04,13172.0
2019-03-05,13331.36
2019-03-06,13566.21
2019-03-07,13683.9
2019-03-08,13040.24
2019-03-11,13348.87
2019-03-12,13498.94
2019-03-13,13327.08
2019-03-14,13129.49
2019-03-15,13321.85
2019-03-18,13614.3
2019-03-19,13581.67
2019-03-20,13607.95
2019-03-21,13668.46
2019-03-22,13746.61
2019-03-25,13602.93
2019-03-26,13361.99
2019-03-27,13467.26
2019-03-28,13274.83
2019-03-29,13625.1
2019-04-01,13989.39
2019-04-02,13985.71
2019-04-03,14216.99
2019-04-04,14391.68
2019-04-08,14437.49
2019-04-09,14388.75
2019-04-10,14452.9
2019-04-11,14254.36
2019-04-12,14282.11
2019-04-15,14188.14
2019-04-16,14405.37
2019-04-17,14479.32
2019-04-18,14346.18
2019-04-19,14411.82
2019-04-22,14180.64
2019-04-23,14077.62
2019-04-24,14096.1
2019-04-25,13737.56
2019-04-26,13569.46
2019-04-29,13498.63
2019-04-30,13658.99
2019-05-06,12988.89
2019-05-07,13090.41
2019-05-08,12944.92
2019-05-09,12794.89
2019-05-10,13142.12
2019-05-13,13057.86
2019-05-14,12972.5
2019-05-15,13178.52
2019-05-16,13275.0
2019-05-17,12961.04
2019-05-20,12824.22
2019-05-21,13002.57
2019-05-22,12947.16
2019-05-23,12792.1
2019-05-24,12798.69
2019-05-27,12968.8
2019-05-28,13036.49
2019-05-29,12999.99
2019-05-30,13018.99
2019-05-31,13032.52
2019-06-03,12986.69
2019-06-04,12912.57
2019-06-05,12877.26
2019-06-06,12748.2
2019-06-10,12839.94
2019-06-11,13151.8
2019-06-12,13056.91
2019-06-13,13043.04
2019-06-14,12903.34
2019-06-17,12933.49
2019-06-18,12943.42
2019-06-19,13052.01
2019-06-20,13241.76
2019-06-21,13279.49
2019-06-24,13284.94
2019-06-25,13183.56
2019-06-26,13164.37
2019-06-27,13199.12
2019-06-28,13134.66
2019-07-01,13311.52
2019-07-02,13327.2
2019-07-03,13346.78
2019-07-04,13349.46
2019-07-05,13358.75
2019-07-08,13089.81
2019-07-09,13049.2
2019-07-10,12995.51
2019-07-11,13000.87
2019-07-12,13072.72
2019-07-15,13121.91
2019-07-16,13126.28
2019-07-17,13105.29
2019-07-18,12996.23
2019-07-19,13091.27
2019-07-22,12980.46
2019-07-23,13044.76
2019-07-24,13117.72
2019-07-25,13145.32
2019-07-26,13185.78
2019-07-29,13199.6
2019-07-30,13252.6
2019-07-31,13206.51
2019-08-01,13135.07
2019-08-02,12973.63
2019-08-05,12797.61
2019-08-06,12562.92
2019-08-07,12565.22
2019-08-08,12642.03
2019-08-09,12571.18
2019-08-12,12687.76
2019-08-13,12619.3
2019-08-14,12656.63
2019-08-15,12650.4
2019-08-16,12654.31
2019-08-19,12867.28
2019-08-20,12837.96
2019-08-21,12807.25
2019-08-22,12791.62
2019-08-23,12798.86
2019-08-26,12699.5
2019-08-27,12838.83
2019-08-28,12833.52
2019-08-29,12789.32
2019-08-30,12710.02
2019-09-02,12850.73
2019-09-03,12857.13
2019-09-04,12977.28
2019-09-05,13052.19
2019-09-06,13086.53
2019-09-09,13142.7
2019-09-10,13120.67
2019-09-11,13130.85
2019-09-12,13180.06
2019-09-16,13197.45
2019-09-17,13001.65
2019-09-18,13018.8
2019-09-19,13052.26
2019-09-20,13043.29
2019-09-23,12900.53
2019-09-24,12919.22
2019-09-25,12807.84
2019-09-26,12793.02
2019-09-27,12761.19
2019-09-30,12711.92
2019-10-08,12787.78
2019-10-09,12864.99
2019-10-10,12924.42
2019-10-11,13005.61
2019-10-14,13151.07
2019-10-15,13100.27
2019-10-16,13052.83
2019-10-17,13007.22
2019-10-18,12867.47
2019-10-21,12884.44
2019-10-22,12914.12
2019-10-23,12879.14
2019-10-24,12907.15
2019-10-25,12945.53
2019-10-28,12971.83
2019-10-29,12891.78
2019-10-30,12853.5
2019-10-31,12791.61
2019-11-01,12881.01
2019-11-04,12911.72
2019-11-05,13000.09
2019-11-06,12971.13
2019-11-07,12995.88
2019-11-08,12918.89
2019-11-11,12669.47
2019-11-12,12688.29
2019-11-13,12602.98
2019-11-14,12581.87
2019-11-15,12497.22
2019-11-18,12591.96
2019-11-19,12684.45
2019-11-20,12609.75
2019-11-21,12614.42
2019-11-22,12606.01
2019-11-25,12810.7
2019-11-26,12774.49
2019-11-27,12730.88
2019-11-28,12689.74
2019-11-29,12695.23
2019-12-02,12696.18
2019-12-03,12729.53
2019-12-04,12695.86
2019-12-05,12723.67
2019-12-06,12742.49
2019-12-09,12805.04
2019-12-10,12780.62
2019-12-11,12826.7
2019-12-12,12794.98
2019-12-13,12947.63
2019-12-16,12999.29
2019-12-17,13116.73
2019-12-18,13077.33
2019-12-19,13116.25
2019-12-20,13086.67
2019-12-23,12918.14
2019-12-24,12973.71
2019-12-25,12943.64
2019-12-26,13030.75
2019-12-27,13057.97
2019-12-30,13189.06
2019-12-31,13252.65
2020-01-02,13405.56
2020-01-03,13428.68
2020-01-06,13396.88
2020-01-07,13454.91
2020-01-08,13306.92
2020-01-09,13376.08
2020-01-10,13345.51
2020-01-13,13373.18
2020-01-14,13371.85
2020-01-15,13254.33
2020-01-16,13180.27
2020-01-17,13164.22
2020-01-20,13187.82
2020-01-21,13001.77
2020-01-22,12987.92
2020-01-23,12669.75
2020-02-03,11607.98
2020-02-04,11821.65
2020-02-05,11921.25
2020-02-06,12048.63
2020-02-07,12021.73
2020-02-10,12125.03
2020-02-11,12178.29
2020-02-12,12229.35
2020-02-13,12142.26
2020-02-14,12194.54
2020-02-17,12421.47
2020-02-18,12379.64
2020-02-19,12344.4
2020-02-20,12494.27
2020-02-21,12502.35
2020-02-24,12402.63
2020-02-25,12254.63
2020-02-26,12347.68
2020-02-27,12372.54
2020-02-28,12082.23
2020-03-02,12475.67
2020-03-03,12502.04
2020-03-04,12608.55
2020-03-05,12765.03
2020-03-06,12656.3
2020-03-09,12411.13
2020-03-10,12572.74
2020-03-11,12444.97
2020-03-12,12245.9
2020-03-13,12075.9
2020-03-16,11881.73
2020-03-17,11847.41
2020-03-18,11672.14
2020-03-19,11505.09
2020-03-20,11655.73
2020-03-23,11403.92
2020-03-24,11632.06
2020-03-25,11813.18
2020-03-26,11732.72
2020-03-27,11810.35
2020-03-30,11765.84
2020-03-31,11733.0
2020-04-01,11639.22
2020-04-02,11760.39
2020-04-03,11708.06
2020-04-07,11878.57
2020-04-08,11864.34
2020-04-09,11878.11
2020-04-10,11798.66
2020-04-13,11780.92
2020-04-14,11877.08
2020-04-15,11816.68
2020-04-16,11839.59
2020-04-17,11861.09
2020-04-20,11869.99
2020-04-21,11783.74
2020-04-22,11827.44
2020-04-23,11824.05
2020-04-24,11743.77
2020-04-27,11822.16
2020-04-28,11742.92
2020-04-29,11898.76
2020-04-30,12029.03
2020-05-06,11999.12
2020-05-07,11975.12
2020-05-08,12049.89
2020-05-11,12050.89
2020-05-12,11997.13
2020-05-13,12013.44
2020-05-14,11900.72
2020-05-15,11895.85
2020-05-18,11944.58
2020-05-19,11995.93
2020-05-20,11960.38
2020-05-21,11909.72
2020-05-22,11754.2
2020-05-25,11814.37
2020-05-26,11863.44
2020-05-27,11918.9
2020-05-28,11939.89
2020-05-29,11891.31
2020-06-01,12090.52
2020-06-02,12128.3
2020-06-03,12113.89
2020-06-04,12090.29
2020-06-05,12094.93
2020-06-08,12135.24
2020-06-09,12192.17
2020-06-10,12157.12
2020-06-11,12072.14
2020-06-12,12089.63
2020-06-15,12033.67
2020-06-16,12179.68
2020-06-17,12213.58
2020-06-18,12321.99
2020-06-19,12345.54
2020-06-22,12267.75
2020-06-23,12217.77
2020-06-24,12259.08
2020-06-29,12180.86
2020-06-30,12276.73
2020-07-01,12491.91
2020-07-02,12817.69
2020-07-03,13108.86
2020-07-06,13973.35
2020-07-07,13941.93
2020-07-08,14126.3
2020-07-09,14270.23
2020-07-10,14001.9
2020-07-13,14210.12
2020-07-14,14046.03
2020-07-15,13769.66
2020-07-16,13401.29
2020-07-17,13335.54
2020-07-20,13820.61
2020-07-21,13751.74
2020-07-22,13724.27
2020-07-23,13595.38
2020-07-24,13218.39
2020-07-27,13176.62
2020-07-28,13252.0
2020-07-29,13440.02
2020-07-30,13445.16
2020-07-31,13468.94
2020-08-03,13721.81
2020-08-04,13766.29
2020-08-05,13649.87
2020-08-06,13646.75
2020-08-07,13538.01
2020-08-10,13710.83
2020-08-11,13610.6
2020-08-12,13659.81
2020-08-13,13731.45
2020-08-14,13794.69
2020-08-17,14087.64
2020-08-18,14096.23
2020-08-19,14053.29
2020-08-20,13886.61
2020-08-21,13981.79
2020-08-24,13986.69
2020-08-25,13919.25
2020-08-26,13766.6
2020-08-27,13791.12
2020-08-28,13957.83
2020-08-31,13902.72
2020-09-01,13936.74
2020-09-02,13887.02
2020-09-03,13846.73
2020-09-04,13744.53
2020-09-07,13602.82
2020-09-08,13761.8
2020-09-09,13614.38
2020-09-10,13531.05
2020-09-11,13509.4
2020-09-14,13534.64
2020-09-15,13515.59
2020-09-16,13543.48
2020-09-17,13518.07
2020-09-18,13792.45
2020-09-21,13725.05
2020-09-22,13527.5
2020-09-23,13493.85
2020-09-24,13260.83
2020-09-25,13234.53
2020-09-28,13279.43
2020-09-29,13289.38
2020-09-30,13212.96
2020-10-09,13409.15
2020-10-12,13634.85
2020-10-13,13621.16
2020-10-14,13550.23
2020-10-15,13583.88
2020-10-16,13701.63
2020-10-19,13621.16
2020-10-20,13598.17
2020-10-21,13620.87
2020-10-22,13598.06
2020-10-23,13585.56
2020-10-26,13515.59
2020-10-27,13459.96
2020-10-28,13423.26
2020-10-29,13383.75
2020-10-30,13222.05
2020-11-02,13235.37
2020-11-03,13407.7
2020-11-04,13418.33
2020-11-05,13567.32
2020-11-06,13622.27
2020-11-09,13812.22
2020-11-10,13779.58
2020-11-11,13878.57
2020-11-12,13793.04
2020-11-13,13647.91
2020-11-16,13891.62
2020-11-17,13906.66
2020-11-18,13956.56
2020-11-19,13933.92
2020-11-20,14002.42
2020-11-23,14226.78
2020-11-24,14195.57
2020-11-25,14063.76
2020-11-26,14116.02
2020-11-27,14251.83
2020-11-30,14162.69
2020-12-01,14359.03
2020-12-02,14382.14
2020-12-03,14251.46
2020-12-04,14176.76
2020-12-07,14001.68
2020-12-08,13920.89
2020-12-09,13856.53
2020-12-10,13879.67
2020-12-11,13775.36
2020-12-14,13630.98
2020-12-15,13607.32
2020-12-16,13575.26
2020-12-17,13739.15
2020-12-18,13857.17
2020-12-21,13876.03
2020-12-22,13539.95
2020-12-23,13569.6
2020-12-24,13484.36
2020-12-25,13627.0
2020-12-28,13555.34
2020-12-29,13469.34
2020-12-30,13508.93
2020-12-31,13562.56
2021-01-04,13580.17
2021-01-05,13502.93
2021-01-06,13573.79
2021-01-07,13599.36
2021-01-08,13651.58
2021-01-11,13410.73
2021-01-12,13546.82
2021-01-13,13653.31
2021-01-14,13699.27
2021-01-15,13730.15
2021-01-18,13780.67
2021-01-19,13802.55
2021-01-20,13768.59
2021-01-21,13784.77
2021-01-22,13575.09
2021-01-25,13454.63
2021-01-26,13413.62
2021-01-27,13454.08
2021-01-28,13290.78
2021-01-29,13175.01
2021-02-01,13247.92
2021-02-02,13174.91
2021-02-03,13115.45
2021-02-04,13067.9
2021-02-05,13136.68
2021-02-08,13238.22
2021-02-09,13325.97
2021-02-10,13403.02
2021-02-18,13749.71
2021-02-19,14010.12
2021-02-22,14216.42
2021-02-23,14153.83
2021-02-24,14002.29
2021-02-25,14201.98
2021-02-26,13921.56
2021-03-01,14091.32
2021-03-02,13983.42
2021-03-03,14376.13
2021-03-04,14399.67
2021-03-05,14244.38
2021-03-08,14253.99
2021-03-09,14240.3
2021-03-10,14096.61
2021-03-11,14451.5
2021-03-12,14648.54
2021-03-15,14810.77
2021-03-16,14872.41
2021-03-17,14719.91
2021-03-18,14715.37
2021-03-19,14611.28
2021-03-22,14805.34
2021-03-23,14640.01
2021-03-24,14507.13
2021-03-25,14443.84
2021-03-26,14540.21
2021-03-29,14663.03
2021-03-30,14651.42
2021-03-31,14738.97
2021-04-01,14778.58
2021-04-02,14669.62
2021-04-06,14692.79
2021-04-07,14826.95
2021-04-08,14764.31
2021-04-09,14794.45
2021-04-12,14882.82
2021-04-13,14717.36
2021-04-14,14721.84
2021-04-15,14702.19
2021-04-16,14855.77
2021-04-19,14835.82
2021-04-20,14805.07
2021-04-21,14738.68
2021-04-22,14785.21
2021-04-23,14740.07
2021-04-26,14623.71
2021-04-27,14605.04
2021-04-28,14640.27
2021-04-29,14705.0
2021-04-30,14555.04
2021-05-06,14737.65
2021-05-07,14846.05
2021-05-10,14974.41
2021-05-11,14971.76
2021-05-12,15021.43
2021-05-13,14851.11
2021-05-14,14877.66
2021-05-17,14827.0
2021-05-18,14915.99
2021-05-19,14730.52
2021-05-20,14572.95
2021-05-21,14580.38
2021-05-24,14588.26
2021-05-25,14729.26
2021-05-26,14798.0
2021-05-27,14814.78
2021-05-28,14800.63
2021-05-31,14797.33
2021-06-01,14787.54
2021-06-02,14773.91
2021-06-03,14887.82
2021-06-04,14830.3
2021-06-07,14765.93
2021-06-08,14787.27
2021-06-09,14875.95
2021-06-10,14903.14
2021-06-11,14953.29
2021-06-15,14820.14
2021-06-16,14819.51
2021-06-17,14780.75
2021-06-18,14725.85
2021-06-21,14704.85
2021-06-22,14799.63
2021-06-23,14839.3
2021-06-24,14898.09
2021-06-25,14966.99
2021-06-28,14960.6
2021-06-29,14882.0
2021-06-30,14904.69
2021-07-01,14951.85
2021-07-02,14894.71
2021-07-05,14904.46
2021-07-06,15011.92
2021-07-07,14936.28
2021-07-08,14783.37
2021-07-09,14807.42
2021-07-12,14754.32
2021-07-13,14822.85
2021-07-14,14715.33
2021-07-15,14746.01
2021-07-16,14742.59
2021-07-19,14658.5
2021-07-20,14615.17
2021-07-21,14598.32
2021-07-22,14683.82
2021-07-23,14601.27
2021-07-26,14318.52
2021-07-27,14074.15
2021-07-28,14040.98
2021-07-29,14017.63
2021-07-30,14044.38
2021-08-02,14140.55
2021-08-03,14138.43
2021-08-04,14132.75
2021-08-05,14142.08
2021-08-06,14167.8
2021-08-09,14330.63
2021-08-10,14386.7
2021-08-11,14498.09
2021-08-12,14464.08
2021-08-13,14444.74
2021-08-16,14565.69
2021-08-17,14418.06
2021-08-18,14583.51
2021-08-19,14451.82
2021-08-20,14476.84
2021-08-23,14507.29
2021-08-24,14607.4
2021-08-25,14691.23
2021-08-26,14671.8
2021-08-27,14689.3
2021-08-30,14662.89
2021-08-31,14878.66
2021-09-01,15076.93
2021-09-02,15271.66
2021-09-03,15378.92
2021-09-06,15553.12
2021-09-07,15771.64
2021-09-08,15993.12
2021-09-09,16256.68
2021-09-10,16103.97
2021-09-13,16324.8
2021-09-14,15968.37
2021-09-15,15955.89
2021-09-16,15783.52
2021-09-17,15758.51
2021-09-22,16016.88
2021-09-23,16252.2
2021-09-24,15965.6
2021-09-27,15595.87
2021-09-28,15904.23
2021-09-29,15640.63
2021-09-30,15672.02
2021-10-08,15820.86
2021-10-11,15765.15
2021-10-12,15557.4
2021-10-13,15405.62
2021-10-14,15325.62
2021-10-15,15232.02
2021-10-18,15334.48
2021-10-19,15365.13
2021-10-20,15333.64
2021-10-21,15378.98
2021-10-22,15256.2
2021-10-25,15239.4
2021-10-26,15123.89
2021-10-27,14975.42
2021-10-28,14834.58
2021-10-29,14875.63
2021-11-01,14955.21
2021-11-02,14683.79
2021-11-03,14790.62
2021-11-04,14816.94
2021-11-05,14659.33
2021-11-08,14645.13
2021-11-09,14644.68
2021-11-10,14645.18
2021-11-11,14929.2
2021-11-12,14917.47
2021-11-15,14991.25
2021-11-16,14903.59
2021-11-17,14912.12
2021-11-18,14846.69
2021-11-19,15001.37
2021-11-22,14942.32
2021-11-23,14984.51
2021-11-24,15044.15
2021-11-25,15073.86
2021-11-26,15000.61
2021-11-29,14954.82
2021-11-30,14945.93
2021-12-01,15119.95
2021-12-02,15189.12
2021-12-03,15353.92
2021-12-06,15328.93
2021-12-07,15491.43
2021-12-08,15542.07
2021-12-09,15647.16
2021-12-10,15515.69
2021-12-13,15521.59
2021-12-14,15432.59
2021-12-15,15474.33
2021-12-16,15602.61
2021-12-17,15591.2
2021-12-20,15679.65
2021-12-21,15962.96
2021-12-22,15896.68
2021-12-23,15828.61
2021-12-24,15800.22
2021-12-27,15940.58
2021-12-28,15875.04
2021-12-29,15836.8
2021-12-30,15949.94
2021-12-31,16176.22
2022-01-04,16511.28
2022-01-05,16441.73
2022-01-06,16579.13
2022-01-07,16672.7
2022-01-10,16816.89
2022-01-11,16865.26
2022-01-12,16751.69
2022-01-13,16649.55
2022-01-14,16444.95
2022-01-17,16523.67
2022-01-18,16623.47
2022-01-19,16714.77
2022-01-20,16663.22
2022-01-21,16473.58
2022-01-24,16395.04
2022-01-25,15881.77
2022-01-26,16000.93
2022-01-27,15781.49
2022-01-28,15762.34
2022-02-07,16126.2
2022-02-08,16496.4
2022-02-09,16645.8
2022-02-10,16788.96
2022-02-11,16669.97
2022-02-14,16457.42
2022-02-15,16420.58
2022-02-16,16531.6
2022-02-17,16385.82
2022-02-18,16664.76
2022-02-21,16717.3
2022-02-22,16495.01
2022-02-23,16447.98
2022-02-24,16118.4
2022-02-25,16140.13
2022-02-28,16100.44
2022-03-01,16211.22
2022-03-02,16330.5
2022-03-03,16557.35
2022-03-04,16441.59
2022-03-07,16351.5
2022-03-08,15893.72
2022-03-09,15659.68
2022-03-10,15917.2
2022-03-11,16070.61
2022-03-14,15866.09
2022-03-15,15097.13
2022-03-16,15495.55
2022-03-17,15660.97
2022-03-18,16019.54
2022-03-21,16101.27
2022-03-22,16299.63
2022-03-23,16286.78
2022-03-24,16274.63
2022-03-25,16277.78
2022-03-28,16489.58
2022-03-29,16452.44
2022-03-30,16784.29
2022-03-31,16875.84
2022-04-01,17097.07
2022-04-06,17410.07
2022-04-07,16967.5
2022-04-08,17086.09
2022-04-11,16800.43
2022-04-12,16956.18
2022-04-13,16750.13
2022-04-14,16925.79
2022-04-15,16865.55
2022-04-18,16721.36
2022-04-19,16869.0
2022-04-20,16542.28
2022-04-21,16228.57
2022-04-22,16360.62
2022-04-25,15678.97
2022-04-26,15484.51
2022-04-27,15613.39
2022-04-28,15741.58
2022-04-29,16089.62
2022-05-05,16259.37
2022-05-06,15904.7
2022-05-09,16109.81
2022-05-10,16294.25
2022-05-11,16241.82
2022-05-12,16216.35
2022-05-13,16443.78
2022-05-16,16455.88
2022-05-17,16250.32
2022-05-18,16159.42
2022-05-19,16273.57
2022-05-20,16336.42
2022-05-23,16302.01
2022-05-24,15860.03
2022-05-25,16152.53
2022-05-26,16310.35
2022-05-27,16356.54
2022-05-30,16351.83
2022-05-31,16354.24
2022-06-01,16320.55
2022-06-02,16233.35
2022-06-06,16197.94
2022-06-07,16258.57
2022-06-08,16234.0
2022-06-09,16225.54
2022-06-10,16341.99
2022-06-13,16142.98
2022-06-14,16386.02
2022-06-15,16568.53
2022-06-16,16365.24
2022-06-17,16378.33
2022-06-20,16388.25
2022-06-21,16411.22
2022-06-22,16242.23
2022-06-23,16445.49
2022-06-24,16466.91
2022-06-27,16459.18
2022-06-28,16615.14
2022-06-29,16496.27
2022-06-30,16525.27
2022-07-01,16519.26
2022-07-04,16523.14
2022-07-05,16486.2
2022-07-06,16289.55
2022-07-07,16300.06
2022-07-08,16344.34
2022-07-11,16319.96
2022-07-12,16376.88
2022-07-13,16402.21
2022-07-14,16221.97
2022-07-15,15896.48
2022-07-18,16209.48
2022-07-19,16290.32
2022-07-20,16353.77
2022-07-21,16202.39
2022-07-22,16219.69
2022-07-25,16150.79
2022-07-26,16258.1
2022-07-27,16244.82
2022-07-28,16283.88
2022-07-29,16219.8
2022-08-01,16199.72
2022-08-02,15802.81
2022-08-03,15657.24
2022-08-04,15746.62
2022-08-05,15901.94
2022-08-08,15937.22
2022-08-09,15896.08
2022-08-10,15906.62
2022-08-11,16165.28
2022-08-12,16226.92
2022-08-15,16164.14
2022-08-16,16196.9
2022-08-17,16305.56
2022-08-18,16169.7
2022-08-19,16162.01
2022-08-22,16215.34
2022-08-23,16248.16
2022-08-24,16057.51
2022-08-25,16255.98
2022-08-26,16230.4
2022-08-29,16263.48
2022-08-30,16346.14
2022-08-31,16259.68
2022-09-01,16283.63
2022-09-02,16340.81
2022-09-05,16477.35
2022-09-06,16574.34
2022-09-07,16529.09
2022-09-08,16528.29
2022-09-09,16626.3
2022-09-13,16591.75
2022-09-14,16466.19
2022-09-15,16449.93
2022-09-16,16038.11
2022-09-19,15982.59
2022-09-20,15966.57
2022-09-21,16071.15
2022-09-22,15949.36
2022-09-23,15946.27
2022-09-26,15608.79
2022-09-27,15818.9
2022-09-28,15692.8
2022-09-29,15549.08
2022-09-30,15599.25
2022-10-10,15567.17
2022-10-11,15622.01
2022-10-12,15815.78
2022-10-13,15759.79
2022-10-14,15948.0
2022-10-17,15989.88
2022-10-18,15985.04
2022-10-19,15835.29
2022-10-20,15783.17
2022-10-21,15781.52
2022-10-24,15490.58
2022-10-25,15443.35
2022-10-26,15518.87
2022-10-27,15582.97
2022-10-28,15243.67
2022-10-31,15150.84
2022-11-01,15401.4
2022-11-02,15455.74
2022-11-03,15385.45
2022-11-04,15613.27
2022-11-07,15684.39
2022-11-08,15665.44
2022-11-09,15659.2
2022-11-10,15712.06
2022-11-11,15922.71
2022-11-14,16018.15
2022-11-15,16143.31
2022-11-16,16097.28
2022-11-17,16170.11
2022-11-18,16107.95
2022-11-21,16015.41
2022-11-22,16122.11
2022-11-23,16179.12
2022-11-24,16178.44
2022-11-25,16401.31
2022-11-28,16335.52
2022-11-29,16703.2
2022-11-30,16728.48
2022-12-01,16660.51
2022-12-02,16667.65
2022-12-05,17060.81
2022-12-06,17052.12
2022-12-07,17028.21
2022-12-08,17030.88
2022-12-09,16901.95
2022-12-12,16725.03
2022-12-13,16824.35
2022-12-14,16769.32
2022-12-15,16616.54
2022-12-16,16800.25
2022-12-19,16464.52
2022-12-20,16306.19
2022-12-21,16325.79
2022-12-22,16263.82
2022-12-23,16198.71
2022-12-26,16131.53
2022-12-27,16294.5
2022-12-28,16296.32
2022-12-29,16153.49
2022-12-30,16301.5
2023-01-03,16360.81
2023-01-04,16505.03
2023-01-05,16554.08
2023-01-06,16497.76
2023-01-09,16518.62
2023-01-10,16425.48
2023-01-11,16442.83
2023-01-12,16407.76
2023-01-13,16632.61
2023-01-16,16775.77
2023-01-17,16757.42
2023-01-18,16792.5
2023-01-19,16878.02
2023-01-20,17004.4
2023-01-30,17005.62
2023-01-31,16966.24
2023-02-01,17088.06
2023-02-02,17041.35
2023-02-03,16920.49
2023-02-06,16836.62
2023-02-07,16916.17
2023-02-08,16841.6
2023-02-09,16979.67
2023-02-10,16997.78
2023-02-13,17137.55
2023-02-14,17252.49
2023-02-15,17225.94
2023-02-16,17123.58
2023-02-17,17064.95
2023-02-20,17420.42
2023-02-21,17573.92
2023-02-22,17562.41
2023-02-23,17586.16
2023-02-24,17521.63
2023-02-27,17437.0
2023-02-28,17556.18
2023-03-01,17708.04
2023-03-02,17822.8
2023-03-03,17968.59
2023-03-06,17902.95
2023-03-07,17769.9
2023-03-08,17772.41
2023-03-09,17727.15
2023-03-10,17422.01
2023-03-13,17615.08
2023-03-14,17480.66
2023-03-15,17718.03
2023-03-16,17630.84
2023-03-17,17827.77
2023-03-20,17811.36
2023-03-21,17793.22
2023-03-22,17919.22
2023-03-23,17982.88
2023-03-24,17886.67
2023-03-27,17723.27
2023-03-28,17739.23
2023-03-29,17641.98
2023-03-30,17696.92
2023-03-31,17758.37
2023-04-03,17877.15
2023-04-04,18031.97
2023-04-06,17964.91
2023-04-07,17946.13
2023-04-10,17938.32
2023-04-11,18056.13
2023-04-12,18289.97
2023-04-13,18295.0
2023-04-14,18254.38
2023-04-17,18472.7
2023-04-18,18557.74
2023-04-19,18552.03
2023-04-20,18689.32
2023-04-21,18435.63
2023-04-24,18501.52
2023-04-25,18612.35
2023-04-26,18532.91
2023-04-27,18631.2
2023-04-28,18935.64
2023-05-04,19424.11
2023-05-05,19455.84
2023-05-08,19865.71
2023-05-09,19706.25
2023-05-10,19313.79
2023-05-11,19307.71
2023-05-12,19181.94
2023-05-15,19170.26
2023-05-16,19018.96
2023-05-17,18980.82
2023-05-18,19096.14
2023-05-19,18831.66
2023-05-22,18782.45
2023-05-23,18505.05
2023-05-24,18228.24
2023-05-25,18225.42
2023-05-26,18391.45
2023-05-29,18592.77
2023-05-30,18614.06
2023-05-31,18567.83
2023-06-01,18575.2
2023-06-02,18601.45
2023-06-05,18716.49
2023-06-06,18529.77
2023-06-07,18719.93
2023-06-08,18895.28
2023-06-09,18899.0
2023-06-12,18760.46
2023-06-13,18715.58
2023-06-14,18614.48
2023-06-15,18644.7
2023-06-16,18639.58
2023-06-19,18423.18
2023-06-20,18302.37
2023-06-21,18176.4
2023-06-26,17922.29
2023-06-27,18221.67
2023-06-28,18294.3
2023-06-29,18284.46
2023-06-30,18390.19
2023-07-03,18596.34
2023-07-04,18506.79
2023-07-05,18483.33
2023-07-06,18395.51
2023-07-07,18492.01
2023-07-10,18548.73
2023-07-11,18624.28
2023-07-12,18498.85
2023-07-13,18704.83
2023-07-14,18726.92
2023-07-17,18720.44
2023-07-18,18734.69
2023-07-19,18841.37
2023-07-20,18762.05
2023-07-21,18823.85
2023-07-24,18864.29
2023-07-25,19146.19
2023-07-26,19210.65
2023-07-27,19285.57
2023-07-28,19685.45
2023-07-31,19856.71
2023-08-01,19897.49
2023-08-02,19783.47
2023-08-03,19885.63
2023-08-04,19879.84
2023-08-07,19700.87
2023-08-08,19671.14
2023-08-09,19621.51
2023-08-10,19668.6
2023-08-11,19332.09
2023-08-14,19317.27
2023-08-15,19446.78
2023-08-16,19464.33
2023-08-17,19454.91
2023-08-18,19374.34
2023-08-21,19173.42
2023-08-22,19267.95
2023-08-23,19161.85
2023-08-24,19026.68
2023-08-25,19127.78
2023-08-28,19394.02
2023-08-29,19320.49
2023-08-30,19121.49
2023-08-31,18996.35
2023-09-01,19175.21
2023-09-04,19483.65
2023-09-05,19309.32
2023-09-06,19218.77
2023-09-07,19087.64
2023-09-08,18924.51
2023-09-11,19093.97
2023-09-12,19101.75
2023-09-13,19065.65
2023-09-14,19193.71
2023-09-15,19169.87
2023-09-18,19194.91
2023-09-19,19288.53
2023-09-20,19304.44
2023-09-21,19151.23
2023-09-22,19247.02
2023-09-25,19207.28
2023-09-26,19107.92
2023-09-27,19032.62
2023-09-28,19054.75
2023-10-09,18989.33
2023-10-10,18832.2
2023-10-11,18762.29
2023-10-12,19004.85
2023-10-13,18945.52
2023-10-16,18968.08
2023-10-17,19023.14
2023-10-18,18843.99
2023-10-19,18528.96
2023-10-20,18472.48
2023-10-23,18161.65
2023-10-24,18276.49
2023-10-25,18532.18
2023-10-26,18608.86
2023-10-27,18745.42
2023-10-30,18634.92
2023-10-31,18653.03
2023-11-01,18646.64
2023-11-02,18640.76
2023-11-03,18590.99
2023-11-06,18604.27
2023-11-07,18589.44
2023-11-08,18491.52
2023-11-09,18551.24
2023-11-10,18515.66
2023-11-13,18556.13
2023-11-14,18618.1
2023-11-15,18744.1
2023-11-16,18732.59
2023-11-17,18724.23
2023-11-20,18780.61
2023-11-21,18816.84
2023-11-22,18735.59
2023-11-23,18907.24
2023-11-24,18973.3
2023-11-27,18876.26
2023-11-28,18933.86
2023-11-29,18788.34
2023-11-30,18825.79
2023-12-01,18887.39
2023-12-04,18879.55
2023-12-05,18700.23
2023-12-06,18722.54
2023-12-07,18652.82
2023-12-08,18615.87
2023-12-11,18753.59
2023-12-12,18823.35
2023-12-13,18724.84
2023-12-14,18677.44
2023-12-15,18542.84
2023-12-18,18464.26
2023-12-19,18437.11
2023-12-20,18351.9
2023-12-21,18340.43
2023-12-22,18324.16
2023-12-25,18284.26
2023-12-26,18267.82
2023-12-27,18343.51
2023-12-28,18418.46
2023-12-29,18463.33
2024-01-02,18615.58
2024-01-03,18768.5
2024-01-04,18803.3
2024-01-05,18819.66
2024-01-08,18577.26
2024-01-09,18675.02
2024-01-10,18603.02
2024-01-11,18599.49
2024-01-12,18672.1
2024-01-15,18722.6
2024-01-16,18792.07
2024-01-17,18539.36
2024-01-18,18379.02
2024-01-19,18280.78
2024-01-22,17660.91
2024-01-23,17818.27
2024-01-24,18243.83
2024-01-25,18729.6
2024-01-26,18935.67
2024-01-29,18895.56
2024-01-30,18610.91
2024-01-31,18417.81
2024-02-01,18234.05
2024-02-02,18073.23
2024-02-05,17866.01
2024-02-06,18472.93
2024-02-07,18921.42
2024-02-08,19035.77
2024-02-19,19160.17
2024-02-20,19305.03
2024-02-21,19353.04
2024-02-22,19480.99
2024-02-23,19476.93
2024-02-26,19162.41
2024-02-27,19279.65
2024-02-28,19119.76
2024-02-29,19370.23
2024-03-01,19352.32
2024-03-04,19336.88
2024-03-05,19400.14
2024-03-06,19376.67
2024-03-07,19413.51
2024-03-08,19517.97
2024-03-11,19492.46
2024-03-12,19283.11
2024-03-13,19197.74
2024-03-14,19202.38
2024-03-15,19354.16
2024-03-18,19393.52
2024-03-19,19268.13
2024-03-20,19311.98
2024-03-21,19316.64
2024-03-22,19122.84
2024-03-25,19086.39
2024-03-26,19152.06
2024-03-27,18978.68
2024-03-28,18987.23
2024-03-29,19187.34
2024-04-01,19401.11
2024-04-02,19539.31
2024-04-03,19643.28
2024-04-08,19606.03
2024-04-09,19662.45
2024-04-10,19647.11
2024-04-11,19767.55
2024-04-12,19680.78
2024-04-15,19912.26
2024-04-16,19677.2
2024-04-17,20080.85
2024-04-18,20123.87
2024-04-19,20285.31
2024-04-22,19998.4
2024-04-23,19716.29
2024-04-24,19754.17
2024-04-25,19892.88
2024-04-26,19836.15
2024-04-29,19906.33
2024-04-30,19919.32
2024-05-06,20212.39
2024-05-07,20145.2
2024-05-08,20037.65
2024-05-09,20246.65
2024-05-10,20316.03
2024-05-13,20408.85
2024-05-14,20342.27
2024-05-15,20264.83
2024-05-16,20294.11
2024-05-17,20519.24
2024-05-20,20579.53
2024-05-21,20564.84
2024-05-22,20589.88
2024-05-23,20290.92
2024-05-24,20291.16
2024-05-27,20513.28
2024-05-28,20364.23
2024-05-29,20379.36
2024-05-30,20289.91
2024-05-31,20237.8
2024-06-03,19992.81
2024-06-04,20143.18
2024-06-05,19862.97
2024-06-06,19755.25
2024-06-07,19984.64
2024-06-11,19696.96
2024-06-12,19716.03
2024-06-13,19469.1
2024-06-14,19581.82
2024-06-17,19413.26
2024-06-18,19515.49
2024-06-19,19424.25
2024-06-20,19282.12
2024-06-21,19304.91
2024-06-24,19093.46
2024-06-25,19186.23
2024-06-26,19301.03
2024-06-27,19209.53
2024-06-28,19309.68
2024-07-01,19615.61
2024-07-02,19675.12
2024-07-03,19618.22
2024-07-04,19452.74
2024-07-05,19383.37
2024-07-08,19225.31
2024-07-09,19426.87
2024-07-10,19242.6
2024-07-11,19402.54
2024-07-12,19458.0
2024-07-15,19542.39
2024-07-16,19469.82
2024-07-17,19511.98
2024-07-18,19574.57
2024-07-19,19481.87
2024-07-22,19284.36
2024-07-23,19098.26
2024-07-24,19088.21
2024-07-25,19094.97
2024-07-26,19110.79
2024-07-29,19147.71
2024-07-30,19114.92
2024-07-31,19382.75
2024-08-01,19350.98
2024-08-02,19283.99
2024-08-05,19115.04
2024-08-06,19114.88
2024-08-07,19111.33
2024-08-08,19233.95
2024-08-09,19185.56
2024-08-12,19147.33
2024-08-13,19206.13
2024-08-14,19058.19
2024-08-15,19227.71
2024-08-16,19183.92
2024-08-19,19346.71
2024-08-20,19154.97
2024-08-21,18998.76
2024-08-22,18967.81
2024-08-23,19009.11
2024-08-26,19035.82
2024-08-27,18996.19
2024-08-28,18901.02
2024-08-29,18654.18
2024-08-30,18703.08
2024-09-02,18632.82
2024-09-03,18566.06
2024-09-04,18461.37
2024-09-05,18497.48
2024-09-06,18373.92
2024-09-09,18129.8
2024-09-10,18101.37
2024-09-11,17806.33
2024-09-12,17817.8
2024-09-13,17789.06
2024-09-18,17956.17
2024-09-19,18044.07
2024-09-20,18011.31
2024-09-23,18137.16
2024-09-24,18852.79
2024-09-25,19180.82
2024-09-26,19932.98
2024-09-27,20263.2
2024-09-30,21652.12
2024-10-08,22141.89
2024-10-09,20489.4
2024-10-10,21048.35
2024-10-11,20700.87
2024-10-14,21246.96
2024-10-15,20754.16
2024-10-16,21080.27
2024-10-17,20720.42
2024-10-18,20952.13
2024-10-21,20798.18
2024-10-22,20944.61
2024-10-23,21040.23
2024-10-24,20911.8
2024-10-25,20982.43
2024-10-28,21134.3
2024-10-29,20808.62
2024-10-30,20684.29
2024-10-31,20726.69
2024-11-01,20824.89
2024-11-04,21049.91
2024-11-05,21407.15
2024-11-06,21354.2
2024-11-07,21941.34
2024-11-08,21634.22
2024-11-11,21516.98
2024-11-12,21397.38
2024-11-13,21479.9
2024-11-14,21190.57
2024-11-15,21053.83
2024-11-18,21359.84
2024-11-19,21387.6
2024-11-20,21436.43
2024-11-21,21447.71
2024-11-22,20834.98
2024-11-25,20890.75
2024-11-26,20884.7
2024-11-27,21095.76
2024-11-28,21077.87
2024-11-29,21212.83
2024-12-02,21374.2
2024-12-03,21565.63
2024-12-04,21520.34
2024-12-05,21494.5
2024-12-06,21768.98
2024-12-09,21780.54
2024-12-10,21799.1
2024-12-11,21908.05
2024-12-12,22109.51
2024-12-13,21674.09
2024-12-16,21872.29
2024-12-17,21804.53
2024-12-18,21903.04
2024-12-19,21722.81
2024-12-20,21563.16
2024-12-23,21590.01
2024-12-24,21830.58
2024-12-25,21954.98
2024-12-26,21817.56
2024-12-27,21938.56
2024-12-30,22041.82
2024-12-31,21904.19
2025-01-02,21423.61
2025-01-03,21251.82
2025-01-06,21353.11
2025-01-07,21261.85
2025-01-08,21287.2
2025-01-09,20990.26
2025-01-10,20739.57
2025-01-13,20564.09
2025-01-14,20875.28
2025-01-15,20875.7
2025-01-16,21007.99
2025-01-17,21004.95
2025-01-20,20950.2
2025-01-21,20815.71
2025-01-22,20635.69
2025-01-23,20831.78
2025-01-24,20959.82
2025-01-27,21223.1
2025-02-05,20833.2
2025-02-06,20855.39
2025-02-07,20987.96
2025-02-10,20980.43
2025-02-11,21115.18
2025-02-12,21109.63
2025-02-13,21111.29
2025-02-14,21130.99
2025-02-17,21130.29
2025-02-18,21105.29
2025-02-19,21091.89
2025-02-20,20992.2
2025-02-21,20914.73
2025-02-24,20951.37
2025-02-25,20766.85
2025-02-26,20959.69
2025-02-27,21117.04
2025-02-28,20984.94
2025-03-03,20971.0
2025-03-04,21003.03
2025-03-05,21082.64
2025-03-06,21050.77
2025-03-07,21066.64
2025-03-10,21028.87
2025-03-11,21186.64
2025-03-12,21057.34
2025-03-13,21110.15
2025-03-14,21302.38
2025-03-17,21386.38
2025-03-18,21353.0
2025-03-19,21390.8
2025-03-20,21309.0
2025-03-21,21294.79
2025-03-24,21394.31
2025-03-25,21558.45
2025-03-26,21545.37
2025-03-27,21539.36
2025-03-28,21428.79
2025-03-31,21366.23
2025-04-01,21539.77
2025-04-02,21568.93
2025-04-03,21659.89
2025-04-07,20310.71
2025-04-08,20887.47
2025-04-09,20926.01
2025-04-10,21048.03
2025-04-11,20932.38
2025-04-14,21024.89
2025-04-15,21141.99
2025-04-16,21267.4
2025-04-17,21263.55
2025-04-18,21290.27
2025-04-21,21204.75
2025-04-22,21376.57
2025-04-23,21248.68
2025-04-24,21421.99
2025-04-25,21404.36
2025-04-28,21416.69
2025-04-29,21337.76
2025-04-30,21171.67
2025-05-06,21216.06
2025-05-07,21391.19
2025-05-08,21421.56
2025-05-09,21549.94
2025-05-12,21594.27
2025-05-13,21741.78
2025-05-14,21860.51
2025-05-15,21805.59
2025-05-16,21659.53
2025-05-19,21739.83
2025-05-20,21781.71
2025-05-21,21910.79
2025-05-22,21896.96
2025-05-23,21735.29
2025-05-26,21595.01
2025-05-27,21641.23
2025-05-28,21711.93
2025-05-29,21713.8
2025-05-30,21765.15
2025-06-03,21833.9
2025-06-04,21911.87
2025-06-05,21795.57
2025-06-06,21840.71
2025-06-09,21892.67
2025-06-10,21926.79
2025-06-11,21989.65
2025-06-12,21989.79
2025-06-13,21829.97
2025-06-16,21828.82
2025-06-17,21847.08
2025-06-18,21821.64
2025-06-19,21692.93
2025-06-20,21795.37
2025-06-23,21799.02
2025-06-24,21890.29
2025-06-25,22018.69
2025-06-26,22044.52
2025-06-27,21930.31
2025-06-30,21876.99
2025-07-01,22025.56
2025-07-02,22180.52
2025-07-03,22180.45
2025-07-04,22319.6
2025-07-07,22438.88
2025-07-08,22464.07
2025-07-09,22575.68
2025-07-10,22754.07
2025-07-11,22654.86
2025-07-14,22793.49
2025-07-15,22560.02
2025-07-16,22557.95
2025-07-17,22544.25
2025-07-18,22669.5
2025-07-21,22908.57
2025-07-22,23243.12
2025-07-23,23118.93
2025-07-24,23157.88
2025-07-25,22974.58
2025-07-28,22816.71
2025-07-29,22758.11
2025-07-30,22841.58
2025-07-31,22462.62
2025-08-01,22472.05
2025-08-04,22548.02
2025-08-05,22724.16
2025-08-06,22718.77
2025-08-07,22746.42
2025-08-08,22802.03
2025-08-11,22744.82
2025-08-12,22810.63
2025-08-13,22742.33
2025-08-14,22625.9
2025-08-15,22692.09
2025-08-18,22758.07
2025-08-19,22777.64
2025-08-20,22955.88
2025-08-21,23112.91
2025-08-22,23080.4
2025-08-25,23309.74
2025-08-26,23289.78
2025-08-27,22870.07
2025-08-28,22872.33
2025-08-29,22838.07
2025-09-01,22840.28
2025-09-02,22872.78
2025-09-03,22665.91
2025-09-04,22678.26
2025-09-05,22760.43
2025-09-08,22875.33
2025-09-09,22927.86
2025-09-10,22818.81
2025-09-11,22935.4
2025-09-12,22840.64
2025-09-15,22753.3
2025-09-16,22699.99
2025-09-17,22776.23
2025-09-18,22404.06
2025-09-19,22479.4
2025-09-22,22352.34
2025-09-23,22397.83
2025-09-24,22498.28
2025-09-25,22398.78
2025-09-26,22461.38
2025-09-29,22516.61
2025-09-30,22428.26
2025-10-09,22695.53
2025-10-10,22904.9
2025-10-13,22785.02
2025-10-14,23012.89
2025-10-15,23053.19
2025-10-16,23093.69
2025-10-17,22954.2
2025-10-20,23023.94
2025-10-21,23138.59
2025-10-22,23214.67
2025-10-23,23361.59
2025-10-24,23202.12
2025-10-27,23272.33
2025-10-28,23159.35
2025-10-29,23141.59
2025-10-30,23138.86
2025-10-31,23136.12
2025-11-03,23353.57
2025-11-04,23421.43
2025-11-05,23465.04
2025-11-06,23590.64
2025-11-07,23697.71
2025-11-10,23916.36
2025-11-11,23935.95
2025-11-12,24016.98
2025-11-13,24033.72
2025-11-14,23905.79
2025-11-17,23750.98
2025-11-18,23540.16
2025-11-19,23578.16
2025-11-20,23600.33
2025-11-21,23193.62
2025-11-24,23103.04
2025-11-25,23220.29
2025-11-26,23163.21
2025-11-27,23183.15
2025-11-28,23205.93
2025-12-01,23382.73
2025-12-02,23456.3
2025-12-03,23486.45
2025-12-04,23402.16
2025-12-05,23396.92
2025-12-08,23306.38
2025-12-09,23179.77
2025-12-10,23114.19
2025-12-11,22947.09
2025-12-12,22910.23
2025-12-15,22954.1
2025-12-16,22844.79
2025-12-17,22871.53
2025-12-18,23009.45
2025-12-19,23004.44
2025-12-22,22895.08
2025-12-23,22882.62
2025-12-24,22933.05
2025-12-25,23020.94
2025-12-26,23043.12
2025-12-29,22891.99
2025-12-30,22803.67
2025-12-31,22773.02
2026-01-05,22815.5
2026-01-06,22958.55
2026-01-07,22876.37
2026-01-08,22777.68
2026-01-09,22850.69
2026-01-12,22921.72
2026-01-13,22892.36
2026-01-14,22715.6
2026-01-15,22676.9
2026-01-16,22485.41
2026-01-19,22592.48
2026-01-20,22888.07
2026-01-21,22740.97
2026-01-22,22824.58
2026-01-23,22829.98
2026-01-26,22944.15
2026-01-27,22790.17
2026-01-28,22922.99
2026-01-29,23322.36
2026-01-30,23152.89
2026-02-02,22812.91
2026-02-03,22882.36
2026-02-04,23235.57
2026-02-05,23300.05
2026-02-06,23242.45
2026-02-09,23374.01
2026-02-10,23389.67
2026-02-11,23415.67
2026-02-12,23281.04
2026-02-13,23030.6
2026-02-24,23272.56
2026-02-25,23279.26
2026-02-26,23246.63
2026-02-27,23370.01
2026-03-02,23564.99
2026-03-03,23596.31
2026-03-04,23270.92
2026-03-05,23276.06
2026-03-06,23451.67
2026-03-09,23444.29
2026-03-10,23438.56
2026-03-11,23685.38
2026-03-12,23813.36
2026-03-13,23768.65
2026-03-16,23754.17
2026-03-17,23759.75
2026-03-18,23654.09
2026-03-19,23604.16
2026-03-20,23512.19
2026-03-23,22716.44
2026-03-24,23131.73
2026-03-25,23349.5
2026-03-26,23345.04
2026-03-27,23272.95
2026-03-30,23373.57
2026-03-31,23308.46
2026-04-01,23326.28
2026-04-02,23394.0
2026-04-03,23030.83
2026-04-07,22995.61
2026-04-08,23193.09
2026-04-09,22996.65
2026-04-10,22986.61
2026-04-13,22890.73
2026-04-14,22955.2
2026-04-15,23101.91
2026-04-16,23102.56
2026-04-17,22981.35
2026-04-20,23005.66
2026-04-21,23180.59
2026-04-22,23115.28
2026-04-23,23288.75
2026-04-24,23194.9
2026-04-27,23051.95
2026-04-28,23209.71
2026-04-29,23301.16
2026-04-30,23192.39
2026-05-06,23174.04
2026-05-07,23096.57
2026-05-08,23114.55
2026-05-11,23207.14
2026-05-12,23170.0
2026-05-13,23152.1
2026-05-14,23026.04
2026-05-15,22901.89
2026-05-18,22770.33
2026-05-19,22982.62
2026-05-20,22823.53
2026-05-21,22658.01
2026-05-22,22562.82
2026-05-25,22638.94
2026-05-26,22645.56
2026-05-27,22589.6
2026-05-28,22430.85
2026-05-29,22863.02
2026-06-01,23237.27
2026-06-02,23131.5
2026-06-03,22949.78
2026-06-04,22697.08
2026-06-05,22747.92
2026-06-08,22579.48
2026-06-09,22528.75
2026-06-10,22583.23
2026-06-11,22434.44
2026-06-12,22681.93
2026-06-15,22582.84
2026-06-16,22249.65
2026-06-17,22110.52
2026-06-18,21688.33
