scope,window,ma,days,start,end,n_days,annual,vol,sharpe,max_dd,calmar,total_return,annual_delta,sharpe_delta,max_dd_delta,signal_days,signal_days_pct,defense_days,defense_days_pct,switch_count
microcap_v1_0_costed_broad_own_volume_only_half_official_logic,full,20,13,2010-02-02,2026-04-30,3940,31.01481852672201,11.711747196118392,2.45540082701332,-11.745114420985214,2.640656992775418,7936.586415551763,-0.04075915245280726,0.0010798253557253723,0.4564980201644868,38,0.9644670050761422,38,0.9644670050761422,18
microcap_v1_0_costed_broad_own_volume_only_half_official_logic,last_10y,20,13,2016-05-03,2026-04-30,2426,31.92535730346977,13.582224648146008,2.185996067219954,-11.745114420985237,2.7181818890097893,1492.6844789071629,0.08853880149646187,0.008620222917525844,0.4564980201644637,34,1.4014839241549877,34,1.4014839241549877,14
microcap_v1_0_costed_broad_own_volume_only_half_official_logic,last_5y,20,13,2021-04-30,2026-04-30,1208,32.481188813956784,16.296254780098565,1.8825597785085382,-11.745114420985203,2.7655063756485907,308.0256571332894,0.08434643011118936,0.004847441371730099,0.45649802016450813,16,1.3245033112582782,16,1.3245033112582782,6
microcap_v1_0_costed_broad_own_volume_only_half_official_logic,last_3y,20,13,2023-05-04,2026-04-30,723,27.694589215213572,15.488238940936089,1.723316390245681,-11.745114420985193,2.3579667445155907,107.69565892208179,0.13591587229648994,0.008451336786106989,0.45649802016455254,16,2.2130013831258646,16,2.2130013831258646,6
microcap_v1_0_costed_broad_own_volume_only_half_official_logic,full,21,13,2010-02-02,2026-04-30,3940,30.947196883693138,11.710022894811889,2.4511611175034824,-11.74511442098517,2.6348995654226512,7869.4949034106385,-0.10838079548167912,-0.00315988415411228,0.4564980201645312,45,1.1421319796954315,45,1.1421319796954315,18
microcap_v1_0_costed_broad_own_volume_only_half_official_logic,last_10y,21,13,2016-05-03,2026-04-30,2426,31.92535730346977,13.582224648146008,2.185996067219954,-11.745114420985237,2.7181818890097893,1492.6844789071629,0.08853880149646187,0.008620222917525844,0.4564980201644637,36,1.483924154987634,36,1.483924154987634,14
microcap_v1_0_costed_broad_own_volume_only_half_official_logic,last_5y,21,13,2021-04-30,2026-04-30,1208,32.481188813956784,16.296254780098565,1.8825597785085382,-11.745114420985203,2.7655063756485907,308.0256571332894,0.08434643011118936,0.004847441371730099,0.45649802016450813,18,1.490066225165563,18,1.490066225165563,6
microcap_v1_0_costed_broad_own_volume_only_half_official_logic,last_3y,21,13,2023-05-04,2026-04-30,723,27.694589215213572,15.488238940936089,1.723316390245681,-11.745114420985193,2.3579667445155907,107.69565892208179,0.13591587229648994,0.008451336786106989,0.45649802016455254,18,2.4896265560165975,18,2.4896265560165975,6
microcap_v1_0_costed_broad_own_volume_only_half_official_logic,full,22,13,2010-02-02,2026-04-30,3940,30.903049820425068,11.692503939799796,2.4516597764970394,-11.678963990527247,2.6460437625709257,7825.977908168815,-0.1525278587497496,-0.002661225160555336,0.5226484506224534,48,1.2182741116751268,48,1.2182741116751268,20
microcap_v1_0_costed_broad_own_volume_only_half_official_logic,last_10y,22,13,2016-05-03,2026-04-30,2426,31.853073305430215,13.55770789184728,2.1855035235613554,-11.678963990527247,2.7273886049538376,1483.9877115799563,0.01625480345690633,0.008127679258927323,0.5226484506224534,39,1.6075845012366035,39,1.6075845012366035,16
microcap_v1_0_costed_broad_own_volume_only_half_official_logic,last_5y,22,13,2021-04-30,2026-04-30,1208,32.336170652816534,16.255231939597024,1.8798644262061124,-11.678963990527214,2.768753348245987,305.79765513376304,-0.06067173102906054,0.002152089069304308,0.5226484506224978,21,1.73841059602649,21,1.73841059602649,8
microcap_v1_0_costed_broad_own_volume_only_half_official_logic,last_3y,22,13,2023-05-04,2026-04-30,723,27.46094287177265,15.415834341263372,1.7182915509013141,-11.678963990527214,2.35131668305906,106.56154802664824,-0.09773047114443045,0.003426497441740173,0.5226484506225315,21,2.904564315352697,21,2.904564315352697,8
microcap_v1_0_costed_broad_own_volume_only_half_official_logic,full,23,13,2010-02-02,2026-04-30,3940,30.897791141160646,11.68159373207744,2.453486577859399,-11.678963990527203,2.6455934932432204,7820.809169762543,-0.15778653801417164,-0.0008344237981958713,0.5226484506224978,62,1.5736040609137056,62,1.5736040609137056,22
microcap_v1_0_costed_broad_own_volume_only_half_official_logic,last_10y,23,13,2016-05-03,2026-04-30,2426,31.895536875802378,13.544438487674352,2.1899871094946026,-11.67896399052717,2.7310245071114965,1489.091474657257,0.05871837382906975,0.012611265192174592,0.5226484506225315,45,1.8549051937345424,45,1.8549051937345424,18
microcap_v1_0_costed_broad_own_volume_only_half_official_logic,last_5y,23,13,2021-04-30,2026-04-30,1208,32.23775338110444,16.252745097249665,1.8753561651163735,-11.678963990527203,2.7603264645093906,304.2911625842352,-0.15908900274115467,-0.002356172020434588,0.5226484506225084,20,1.6556291390728477,20,1.6556291390728477,10
microcap_v1_0_costed_broad_own_volume_only_half_official_logic,last_3y,23,13,2023-05-04,2026-04-30,723,27.84906348568965,15.48335048005006,1.73195673391339,-11.678963990527214,2.3845491353751904,108.44774242251188,0.29039014277256925,0.017091680453815927,0.5226484506225315,18,2.4896265560165975,18,2.4896265560165975,8
microcap_v1_0_costed_broad_own_volume_only_half_official_logic,full,24,13,2010-02-02,2026-04-30,3940,30.8836685872804,11.681438661595433,2.452557228637969,-11.678963990527237,2.644384263221466,7806.943807923655,-0.17190909189441683,-0.001763773019625603,0.522648450622464,63,1.598984771573604,63,1.598984771573604,24
microcap_v1_0_costed_broad_own_volume_only_half_official_logic,last_10y,24,13,2016-05-03,2026-04-30,2426,31.872408217969262,13.54422661549213,2.1886739998162077,-11.678963990527224,2.729044138146233,1486.3097729625222,0.03558971599595395,0.011298155513779662,0.5226484506224764,46,1.8961253091508656,46,1.8961253091508656,20
microcap_v1_0_costed_broad_own_volume_only_half_official_logic,last_5y,24,13,2021-04-30,2026-04-30,1208,32.19141819982217,16.252397734947483,1.8731412460827057,-11.67896399052719,2.756359059410803,303.58345164999196,-0.20542418402342832,-0.004571091054102361,0.5226484506225209,21,1.73841059602649,21,1.73841059602649,12
microcap_v1_0_costed_broad_own_volume_only_half_official_logic,last_3y,24,13,2023-05-04,2026-04-30,723,27.77416380908846,15.48268357144939,1.7280763362200566,-11.678963990527214,2.3781359229822128,108.0828550339584,0.2154904661713779,0.013211282760482668,0.5226484506225315,19,2.627939142461964,19,2.627939142461964,10
microcap_v1_0_costed_broad_own_volume_only_half_official_logic,full,25,13,2010-02-02,2026-04-30,3940,30.453425706052293,11.631215043915496,2.433215758274181,-11.678963990527203,2.6075451324923202,7395.291051721865,-0.602151973122524,-0.021105243383413796,0.5226484506224978,91,2.309644670050761,91,2.309644670050761,30
microcap_v1_0_costed_broad_own_volume_only_half_official_logic,last_10y,25,13,2016-05-03,2026-04-30,2426,31.16854314012587,13.473993887404967,2.1581195957645454,-11.678963990527258,2.6687763713807575,1403.7230231268372,-0.6682753618474386,-0.01925624853788266,0.5226484506224427,74,3.0502885408079146,74,3.0502885408079146,26
microcap_v1_0_costed_broad_own_volume_only_half_official_logic,last_5y,25,13,2021-04-30,2026-04-30,1208,31.290270821144084,16.17093148844654,1.8376064404537877,-11.67896399052719,2.6791991863767732,290.01543534853914,-1.106571562701511,-0.04010589668302034,0.5226484506225209,31,2.566225165562914,31,2.566225165562914,16
microcap_v1_0_costed_broad_own_volume_only_half_official_logic,last_3y,25,13,2023-05-04,2026-04-30,723,27.15200134607134,15.41764941724915,1.7016933654463298,-11.678963990527159,2.3248638636179035,105.06829506979835,-0.4066719968457413,-0.013171688013244198,0.5226484506225866,27,3.7344398340248963,27,3.7344398340248963,12
microcap_v1_0_costed_broad_own_volume_only_half_official_logic,full,26,13,2010-02-02,2026-04-30,3940,30.600210468881926,11.596287002346198,2.4502707780596933,-11.380932944868704,2.688726013685774,7533.418115533313,-0.4553672102928914,-0.0040502235979014145,0.8206794962809969,105,2.66497461928934,105,2.66497461928934,30
microcap_v1_0_costed_broad_own_volume_only_half_official_logic,last_10y,26,13,2016-05-03,2026-04-30,2426,31.367916249132644,13.427018343734323,2.1769417557526265,-11.380932944868594,2.756181448487993,1426.7140098986722,-0.4689022528406639,-0.00043408854980153677,0.820679496281107,87,3.5861500412201153,87,3.5861500412201153,26
microcap_v1_0_costed_broad_own_volume_only_half_official_logic,last_5y,26,13,2021-04-30,2026-04-30,1208,31.761142580908807,16.108548638037345,1.8672871873672827,-11.248066086049457,2.823698077334461,297.05875004071845,-0.635699802936788,-0.010425149769525355,0.9535463551002543,33,2.7317880794701987,33,2.7317880794701987,18
microcap_v1_0_costed_broad_own_volume_only_half_official_logic,last_3y,26,13,2023-05-04,2026-04-30,723,27.893662935791987,15.311067854684064,1.7520652717062828,-11.248066086049446,2.4798630024398105,108.66521889363368,0.33498959287490493,0.03720021824670883,0.9535463551002987,28,3.872752420470263,28,3.872752420470263,12
microcap_v1_0_costed_broad_own_volume_only_half_official_logic,full,27,13,2010-02-02,2026-04-30,3940,30.600210468881926,11.596287002346198,2.4502707780596933,-11.380932944868704,2.688726013685774,7533.418115533313,-0.4553672102928914,-0.0040502235979014145,0.8206794962809969,105,2.66497461928934,105,2.66497461928934,30
microcap_v1_0_costed_broad_own_volume_only_half_official_logic,last_10y,27,13,2016-05-03,2026-04-30,2426,31.367916249132644,13.427018343734323,2.1769417557526265,-11.380932944868594,2.756181448487993,1426.7140098986722,-0.4689022528406639,-0.00043408854980153677,0.820679496281107,87,3.5861500412201153,87,3.5861500412201153,26
microcap_v1_0_costed_broad_own_volume_only_half_official_logic,last_5y,27,13,2021-04-30,2026-04-30,1208,31.761142580908807,16.108548638037345,1.8672871873672827,-11.248066086049457,2.823698077334461,297.05875004071845,-0.635699802936788,-0.010425149769525355,0.9535463551002543,33,2.7317880794701987,33,2.7317880794701987,18
microcap_v1_0_costed_broad_own_volume_only_half_official_logic,last_3y,27,13,2023-05-04,2026-04-30,723,27.893662935791987,15.311067854684064,1.7520652717062828,-11.248066086049446,2.4798630024398105,108.66521889363368,0.33498959287490493,0.03720021824670883,0.9535463551002987,28,3.872752420470263,28,3.872752420470263,12
microcap_v1_0_costed_broad_own_volume_only_half_official_logic,full,28,13,2010-02-02,2026-04-30,3940,30.656105189864057,11.573830127225099,2.458643185142113,-11.380932944868704,2.6936372737075045,7586.641244318119,-0.3994724893107602,0.004322183484518405,0.8206794962809969,113,2.868020304568528,113,2.868020304568528,32
microcap_v1_0_costed_broad_own_volume_only_half_official_logic,last_10y,28,13,2016-05-03,2026-04-30,2426,31.459312504042902,13.395496374179459,2.187141464910411,-11.380932944868682,2.764212095479128,1437.3588475240338,-0.37750599793040607,0.009765620607983028,0.8206794962810182,95,3.915910964550701,95,3.915910964550701,28
microcap_v1_0_costed_broad_own_volume_only_half_official_logic,last_5y,28,13,2021-04-30,2026-04-30,1208,32.05593477892985,16.049069406265726,1.888148109337979,-11.248066086049423,2.849906333559659,301.5197984103003,-0.340907604915742,0.010435772201170979,0.9535463551002881,42,3.47682119205298,42,3.47682119205298,20
microcap_v1_0_costed_broad_own_volume_only_half_official_logic,last_3y,28,13,2023-05-04,2026-04-30,723,28.059215296575868,15.232016464516315,1.7692227899843085,-11.24806608604947,2.494581297968777,109.4738082083548,0.5005419536587858,0.05435773652473452,0.9535463551002756,35,4.840940525587829,35,4.840940525587829,12
microcap_v1_0_costed_broad_own_volume_only_half_official_logic,full,29,13,2010-02-02,2026-04-30,3940,30.460962519827017,11.567762536505564,2.4464387200707054,-11.380932944868738,2.6764908173508566,7402.3258180798475,-0.5946151593478,-0.007882281586889306,0.8206794962809631,112,2.8426395939086295,112,2.8426395939086295,34
microcap_v1_0_costed_broad_own_volume_only_half_official_logic,last_10y,29,13,2016-05-03,2026-04-30,2426,31.140331336369307,13.387041383763837,2.169585710652292,-11.380932944868672,2.736184413634523,1400.4950285612354,-0.696487165604001,-0.007790133650135811,0.8206794962810289,94,3.8746908491343777,94,3.8746908491343777,30
microcap_v1_0_costed_broad_own_volume_only_half_official_logic,last_5y,29,13,2021-04-30,2026-04-30,1208,31.593576841551396,16.02904085657996,1.8674622850764433,-11.248066086049423,2.80880078405085,294.5407324157162,-0.8032655422941986,-0.010250052060364778,0.9535463551002881,43,3.5596026490066226,43,3.5596026490066226,22
microcap_v1_0_costed_broad_own_volume_only_half_official_logic,last_3y,29,13,2023-05-04,2026-04-30,723,27.332073294750934,15.193771575591366,1.734202325073391,-11.248066086049457,2.4299353404982083,105.93778697172249,-0.22660004816614787,0.01933727161381693,0.9535463551002881,37,5.117565698478561,37,5.117565698478561,16
microcap_v1_0_costed_broad_own_volume_only_half_official_logic,full,30,13,2010-02-02,2026-04-30,3940,30.40401225197842,11.565968450810034,2.4428753054283336,-11.380932944868704,2.6714868103749447,7349.3222687688385,-0.6515654271963989,-0.01144569622926106,0.8206794962809969,113,2.868020304568528,113,2.868020304568528,36
microcap_v1_0_costed_broad_own_volume_only_half_official_logic,last_10y,30,13,2016-05-03,2026-04-30,2426,31.047296362021125,13.384539623585868,2.1644577384120796,-11.380932944868704,2.7280097784970563,1389.8941077047202,-0.789522139952183,-0.012918105890348475,0.8206794962809969,95,3.915910964550701,95,3.915910964550701,32
microcap_v1_0_costed_broad_own_volume_only_half_official_logic,last_5y,30,13,2021-04-30,2026-04-30,1208,31.493259867982637,16.025715208936845,1.8628482490966491,-11.248066086049413,2.7998821865958483,293.03938883318756,-0.9035825158629578,-0.01486408804015893,0.9535463551002987,43,3.5596026490066226,43,3.5596026490066226,22
microcap_v1_0_costed_broad_own_volume_only_half_official_logic,last_3y,30,13,2023-05-04,2026-04-30,723,27.16980099744766,15.18778267148341,1.7260684058822318,-11.248066086049457,2.415508656296509,105.15413309401751,-0.38887234546942295,0.011203352422657797,0.9535463551002881,37,5.117565698478561,37,5.117565698478561,16
microcap_v1_0_costed_broad_own_volume_only_half_official_logic,full,31,13,2010-02-02,2026-04-30,3940,30.400591265292466,11.550791478418386,2.445697002054425,-11.380932944868693,2.6711862210733033,7346.149575488094,-0.6549864138823516,-0.008623999603169619,0.8206794962810076,119,3.020304568527919,119,3.020304568527919,38
microcap_v1_0_costed_broad_own_volume_only_half_official_logic,last_10y,31,13,2016-05-03,2026-04-30,2426,31.041708585948857,13.363238704462768,2.1673630847288345,-11.380932944868682,2.727518801518343,1389.2595564188496,-0.795109916024451,-0.010012759573593488,0.8206794962810182,101,4.16323165704864,101,4.16323165704864,34
microcap_v1_0_costed_broad_own_volume_only_half_official_logic,last_5y,31,13,2021-04-30,2026-04-30,1208,31.508385024144903,15.997184250415295,1.8666365541836782,-11.24806608604947,2.8012268760781467,293.2654588115973,-0.8884573597006913,-0.011075782953129831,0.9535463551002419,47,3.8907284768211916,47,3.8907284768211916,24
microcap_v1_0_costed_broad_own_volume_only_half_official_logic,last_3y,31,13,2023-05-04,2026-04-30,723,27.108896454457888,15.139642800219622,1.727774943813292,-11.248066086049446,2.4100939883416967,104.86052269102481,-0.44977688845919417,0.012909890353718145,0.9535463551002987,39,5.394190871369295,39,5.394190871369295,16
microcap_v1_0_costed_broad_own_volume_only_half_official_logic,full,32,13,2010-02-02,2026-04-30,3940,30.145457037001023,11.487247125208748,2.4408639663575804,-11.380932944868649,2.648768530930743,7113.074170368544,-0.9101206421737942,-0.013457035300014297,0.820679496281052,152,3.857868020304569,152,3.857868020304569,38
microcap_v1_0_costed_broad_own_volume_only_half_official_logic,last_10y,32,13,2016-05-03,2026-04-30,2426,30.748836625490906,13.283111601732395,2.1621357492501243,-11.380932944868704,2.7017852380331058,1356.3393024632185,-1.0879818764824023,-0.015240095052303726,0.8206794962809969,124,5.111294311624072,124,5.111294311624072,34
microcap_v1_0_costed_broad_own_volume_only_half_official_logic,last_5y,32,13,2021-04-30,2026-04-30,1208,31.06220028061024,15.863800264733612,1.8586270189765053,-11.248066086049413,2.7615591909737813,286.6400731431241,-1.3346421032353533,-0.01908531816030279,0.9535463551002987,65,5.380794701986755,65,5.380794701986755,22
microcap_v1_0_costed_broad_own_volume_only_half_official_logic,last_3y,32,13,2023-05-04,2026-04-30,723,26.410142028197757,14.900205606537273,1.7145419373577393,-11.248066086049413,2.3479718047668072,101.51193296971903,-1.1485313147193246,-0.000323116101834664,0.9535463551003325,58,8.022130013831259,58,8.022130013831259,16
microcap_v1_0_costed_broad_own_volume_only_half_official_logic,full,33,13,2010-02-02,2026-04-30,3940,30.145457037001023,11.487247125208748,2.4408639663575804,-11.380932944868649,2.648768530930743,7113.074170368544,-0.9101206421737942,-0.013457035300014297,0.820679496281052,152,3.857868020304569,152,3.857868020304569,38
microcap_v1_0_costed_broad_own_volume_only_half_official_logic,last_10y,33,13,2016-05-03,2026-04-30,2426,30.748836625490906,13.283111601732395,2.1621357492501243,-11.380932944868704,2.7017852380331058,1356.3393024632185,-1.0879818764824023,-0.015240095052303726,0.8206794962809969,124,5.111294311624072,124,5.111294311624072,34
microcap_v1_0_costed_broad_own_volume_only_half_official_logic,last_5y,33,13,2021-04-30,2026-04-30,1208,31.06220028061024,15.863800264733612,1.8586270189765053,-11.248066086049413,2.7615591909737813,286.6400731431241,-1.3346421032353533,-0.01908531816030279,0.9535463551002987,65,5.380794701986755,65,5.380794701986755,22
microcap_v1_0_costed_broad_own_volume_only_half_official_logic,last_3y,33,13,2023-05-04,2026-04-30,723,26.410142028197757,14.900205606537273,1.7145419373577393,-11.248066086049413,2.3479718047668072,101.51193296971903,-1.1485313147193246,-0.000323116101834664,0.9535463551003325,58,8.022130013831259,58,8.022130013831259,16
microcap_v1_0_costed_broad_own_volume_only_half_official_logic,full,34,13,2010-02-02,2026-04-30,3940,30.0920755399237,11.487871275979867,2.4370246678478,-11.380932944868672,2.644078098491155,7065.18215229284,-0.9635021392511156,-0.017296333809794895,0.8206794962810289,155,3.934010152284264,155,3.934010152284264,40
microcap_v1_0_costed_broad_own_volume_only_half_official_logic,last_10y,34,13,2016-05-03,2026-04-30,2426,30.713214477237273,13.286514136585092,2.159485504798441,-11.380932944868649,2.6986552531341483,1352.3802007517945,-1.1236040247360357,-0.017890339503987107,0.820679496281052,120,4.9464138499587795,120,4.9464138499587795,34
microcap_v1_0_costed_broad_own_volume_only_half_official_logic,last_5y,34,13,2021-04-30,2026-04-30,1208,31.06220028061024,15.863800264733612,1.8586270189765053,-11.248066086049413,2.7615591909737813,286.6400731431241,-1.3346421032353533,-0.01908531816030279,0.9535463551002987,65,5.380794701986755,65,5.380794701986755,22
microcap_v1_0_costed_broad_own_volume_only_half_official_logic,last_3y,34,13,2023-05-04,2026-04-30,723,26.410142028197757,14.900205606537273,1.7145419373577393,-11.248066086049413,2.3479718047668072,101.51193296971903,-1.1485313147193246,-0.000323116101834664,0.9535463551003325,58,8.022130013831259,58,8.022130013831259,16
microcap_v1_0_costed_broad_own_volume_only_half_official_logic,full,35,13,2010-02-02,2026-04-30,3940,30.07072754149498,11.477789300585323,2.4375776713894894,-11.380932944868682,2.6422023297354507,7046.113133576293,-0.9848501376798389,-0.01674333026810526,0.8206794962810182,169,4.289340101522843,169,4.289340101522843,42
microcap_v1_0_costed_broad_own_volume_only_half_official_logic,last_10y,35,13,2016-05-03,2026-04-30,2426,30.70863322653996,13.275405457426384,2.160906606946318,-11.380932944868682,2.698252715774549,1351.8717368797666,-1.1281852754333492,-0.016469237356110167,0.8206794962810182,132,5.441055234954658,132,5.441055234954658,36
microcap_v1_0_costed_broad_own_volume_only_half_official_logic,last_5y,35,13,2021-04-30,2026-04-30,1208,31.29684384364304,15.851924914566467,1.8716813701305703,-11.24806608604947,2.782419982618992,290.11306200071056,-1.0999985402025558,-0.006030967006237731,0.9535463551002419,62,5.132450331125828,62,5.132450331125828,24
microcap_v1_0_costed_broad_own_volume_only_half_official_logic,last_3y,35,13,2023-05-04,2026-04-30,723,26.788804640176387,14.879393131861557,1.7376987182790722,-11.24806608604947,2.381636490685406,103.32201098927132,-0.7698687027406947,0.022833664819498223,0.9535463551002756,55,7.607192254495159,55,7.607192254495159,18
microcap_v1_0_costed_broad_own_volume_only_half_official_logic,full,36,13,2010-02-02,2026-04-30,3940,30.179083056566334,11.484722662634123,2.443713651938478,-11.380932944868693,2.6517231234696923,7143.396299288615,-0.8764946226084831,-0.010607349719116588,0.8206794962810076,163,4.137055837563452,163,4.137055837563452,40
microcap_v1_0_costed_broad_own_volume_only_half_official_logic,last_10y,36,13,2016-05-03,2026-04-30,2426,30.655358847698032,13.275811277406962,2.1576544323255265,-11.380932944868682,2.693571695413565,1345.9706712058062,-1.181459654275276,-0.01972141197690158,0.8206794962810182,137,5.6471558120362735,137,5.6471558120362735,36
microcap_v1_0_costed_broad_own_volume_only_half_official_logic,last_5y,36,13,2021-04-30,2026-04-30,1208,31.18992527668194,15.852627888114249,1.8662398414707593,-11.24806608604948,2.7729144759707216,288.5274654630417,-1.2069171071636546,-0.011472495666048799,0.9535463551002312,65,5.380794701986755,65,5.380794701986755,24
microcap_v1_0_costed_broad_own_volume_only_half_official_logic,last_3y,36,13,2023-05-04,2026-04-30,723,26.788804640176387,14.879393131861557,1.7376987182790722,-11.24806608604947,2.381636490685406,103.32201098927132,-0.7698687027406947,0.022833664819498223,0.9535463551002756,55,7.607192254495159,55,7.607192254495159,18
microcap_v1_0_costed_broad_own_volume_only_half_official_logic,full,37,13,2010-02-02,2026-04-30,3940,30.272182052651566,11.487487022069104,2.4496250315598638,-12.201612441149711,2.480998490868239,7227.973194488068,-0.7833956265232516,-0.004695970097730928,-1.0658141036401503e-14,163,4.137055837563452,163,4.137055837563452,38
microcap_v1_0_costed_broad_own_volume_only_half_official_logic,last_10y,37,13,2016-05-03,2026-04-30,2426,30.80726738287978,13.279673166895567,2.166157970346705,-12.2016124411497,2.524852148145836,1362.8544236427804,-1.0295511190935294,-0.011217873955723157,0.0,137,5.6471558120362735,137,5.6471558120362735,34
microcap_v1_0_costed_broad_own_volume_only_half_official_logic,last_5y,37,13,2021-04-30,2026-04-30,1208,31.49491169896168,15.859061554085274,1.880837847440678,-12.201612441149678,2.581208987817525,293.0640730668284,-0.901930684883915,0.0031255103038698717,3.375077994860476e-14,65,5.380794701986755,65,5.380794701986755,22
microcap_v1_0_costed_broad_own_volume_only_half_official_logic,last_3y,37,13,2023-05-04,2026-04-30,723,26.6814014249761,14.928155008323127,1.7265964271028527,-12.201612441149734,2.186711105082597,102.80750891528574,-0.8772719179409805,0.011731373643278697,1.0658141036401503e-14,53,7.330567081604427,53,7.330567081604427,16
microcap_v1_0_costed_broad_own_volume_only_half_official_logic,full,38,13,2010-02-02,2026-04-30,3940,30.228088133340304,11.476354570466475,2.448822406767276,-12.2016124411497,2.4773847128103057,7187.800686077956,-0.8274895458345135,-0.005498594890318564,0.0,180,4.568527918781726,180,4.568527918781726,42
microcap_v1_0_costed_broad_own_volume_only_half_official_logic,last_10y,38,13,2016-05-03,2026-04-30,2426,30.8907720717055,13.272554141471074,2.1722434103585013,-12.201612441149734,2.5316958902519215,1372.2108572550028,-0.9460464302678098,-0.005132433943926706,-3.375077994860476e-14,138,5.688375927452597,138,5.688375927452597,36
microcap_v1_0_costed_broad_own_volume_only_half_official_logic,last_5y,38,13,2021-04-30,2026-04-30,1208,31.662714574691208,15.847052587023974,1.8905446796234597,-12.201612441149766,2.5949615042606293,295.5781153703967,-0.734127809154387,0.01283234248665166,-5.5067062021407764e-14,66,5.4635761589403975,66,5.4635761589403975,24
microcap_v1_0_costed_broad_own_volume_only_half_official_logic,last_3y,38,13,2023-05-04,2026-04-30,723,26.951839377353572,14.907065887166118,1.7437484648473511,-12.2016124411497,2.208875220987926,104.10466806014531,-0.60683396556351,0.02888341138777717,4.440892098500626e-14,54,7.468879668049793,54,7.468879668049793,18
microcap_v1_0_costed_broad_own_volume_only_half_official_logic,full,39,13,2010-02-02,2026-04-30,3940,30.076382179259387,11.473098857998913,2.438920186408031,-12.201612441149724,2.4649514418133225,7051.159475384399,-0.9791954999154306,-0.015400815249563493,-2.3092638912203256e-14,193,4.898477157360406,193,4.898477157360406,44
microcap_v1_0_costed_broad_own_volume_only_half_official_logic,last_10y,39,13,2016-05-03,2026-04-30,2426,30.837171165255196,13.277330674097302,2.1683020109070945,-12.201612441149734,2.52730295393233,1366.1988785315357,-0.9996473367181125,-0.00907383339533352,-3.375077994860476e-14,139,5.72959604286892,139,5.72959604286892,36
microcap_v1_0_costed_broad_own_volume_only_half_official_logic,last_5y,39,13,2021-04-30,2026-04-30,1208,31.574118224281843,15.855221497252256,1.8852149252188863,-12.201612441149745,2.5877004679970517,294.2491567579621,-0.8227241595637516,0.007502588082078265,-3.375077994860476e-14,68,5.629139072847682,68,5.629139072847682,24
microcap_v1_0_costed_broad_own_volume_only_half_official_logic,last_3y,39,13,2023-05-04,2026-04-30,723,26.18094635106718,14.842685793245108,1.707871209804556,-12.201612441149711,2.145695618291598,100.42156253906475,-1.3777269918499009,-0.006993843655017873,3.375077994860476e-14,57,7.883817427385892,57,7.883817427385892,18
microcap_v1_0_costed_broad_own_volume_only_half_official_logic,full,40,13,2010-02-02,2026-04-30,3940,30.238897077254357,11.46053189294005,2.4527951964052535,-12.201612441149724,2.478270574737664,7197.629190731405,-0.81668060192046,-0.0015258052523412502,-2.3092638912203256e-14,204,5.177664974619289,204,5.177664974619289,44
microcap_v1_0_costed_broad_own_volume_only_half_official_logic,last_10y,40,13,2016-05-03,2026-04-30,2426,31.137706819486265,13.260578283789654,2.1888477742615597,-12.201612441149756,2.5519337685628183,1400.1950486143894,-0.6991116824870431,0.01147192995913171,-5.5067062021407764e-14,147,6.0593569661995055,147,6.0593569661995055,36
microcap_v1_0_costed_broad_own_volume_only_half_official_logic,last_5y,40,13,2021-04-30,2026-04-30,1208,31.7939177598217,15.815863502244312,1.90052923199173,-12.201612441149734,2.605714442510667,297.5527638174408,-0.6029246240238955,0.022816894854921888,-2.3092638912203256e-14,80,6.622516556291391,80,6.622516556291391,24
microcap_v1_0_costed_broad_own_volume_only_half_official_logic,last_3y,40,13,2023-05-04,2026-04-30,723,26.215972870809566,14.795708604428064,1.714778480471693,-12.201612441149734,2.1485662650943276,100.58794210848858,-1.3427004721075164,-8.657298788095069e-05,1.0658141036401503e-14,66,9.12863070539419,66,9.12863070539419,18
microcap_v1_0_costed_broad_own_volume_only_half_official_logic,full,41,13,2010-02-02,2026-04-30,3940,30.456328182254786,11.422235393141484,2.4758079142522855,-12.201612441149745,2.496090441255231,7397.9994529560445,-0.5992494969200308,0.02148691259469082,-4.440892098500626e-14,209,5.304568527918781,209,5.304568527918781,44
microcap_v1_0_costed_broad_own_volume_only_half_official_logic,last_10y,41,13,2016-05-03,2026-04-30,2426,31.493738968606657,13.20672578525411,2.2185461624289387,-12.201612441149711,2.581112875081543,1441.385751433427,-0.34307953336665165,0.04117031812651062,-1.0658141036401503e-14,152,6.265457543281121,152,6.265457543281121,36
microcap_v1_0_costed_broad_own_volume_only_half_official_logic,last_5y,41,13,2021-04-30,2026-04-30,1208,32.50992640309307,15.724946932315802,1.946554681378404,-12.201612441149734,2.6643959197928533,308.46832960631343,0.11308401924747358,0.06884234424159597,-2.3092638912203256e-14,85,7.0364238410596025,85,7.0364238410596025,24
microcap_v1_0_costed_broad_own_volume_only_half_official_logic,last_3y,41,13,2023-05-04,2026-04-30,723,27.364674183699922,14.634024892643904,1.7966289266522693,-12.201612441149711,2.2427096677331813,106.09546482702079,-0.19399915921716016,0.08176387319269529,3.375077994860476e-14,71,9.820193637621024,71,9.820193637621024,18
microcap_v1_0_costed_broad_own_volume_only_half_official_logic,full,42,13,2010-02-02,2026-04-30,3940,30.646121095392175,11.37839491516001,2.498185837537968,-11.380932944868661,2.6927600086783428,7577.108883978617,-0.40945658378264227,0.04386483588037349,0.8206794962810395,228,5.786802030456853,228,5.786802030456853,48
microcap_v1_0_costed_broad_own_volume_only_half_official_logic,last_10y,42,13,2016-05-03,2026-04-30,2426,31.855559598630933,13.146124043852362,2.249873254969658,-11.380932944868672,2.7990288452576877,1484.2861359906735,0.018741096657624468,0.07249741066722981,0.8206794962810289,170,7.007419620774938,170,7.007419620774938,40
microcap_v1_0_costed_broad_own_volume_only_half_official_logic,last_5y,42,13,2021-04-30,2026-04-30,1208,33.23956175571663,15.622428417522546,1.9949862216792855,-10.821260799832011,3.071690292893841,319.8369622819887,0.8427193718710342,0.11727388454247745,1.3803516413177004,103,8.526490066225167,103,8.526490066225167,28
microcap_v1_0_costed_broad_own_volume_only_half_official_logic,last_3y,42,13,2023-05-04,2026-04-30,723,28.539536674948863,14.450457392848545,1.8838613277247604,-10.769076919863874,2.6501376940029893,111.83158551475958,0.980863332031781,0.16899627426518649,1.432535521285871,89,12.309820193637622,89,12.309820193637622,22
microcap_v1_0_costed_broad_own_volume_only_half_official_logic,full,43,13,2010-02-02,2026-04-30,3940,30.6868707737598,11.379477547441509,2.500808401861457,-11.380932944868682,2.6963405304655255,7616.084721058557,-0.36870690541501716,0.04648740020386244,0.8206794962810182,227,5.761421319796954,227,5.761421319796954,46
microcap_v1_0_costed_broad_own_volume_only_half_official_logic,last_10y,43,13,2016-05-03,2026-04-30,2426,31.887491310614724,13.146934801524315,2.25165610551272,-11.380932944868649,2.801834565328137,1488.123330761602,0.050672808641415656,0.07428026121029196,0.820679496281052,170,7.007419620774938,170,7.007419620774938,38
microcap_v1_0_costed_broad_own_volume_only_half_official_logic,last_5y,43,13,2021-04-30,2026-04-30,1208,33.366454497414175,15.624179451678899,2.0011417796539477,-10.776287913416539,3.0962846172542173,321.8396898564242,0.96961211356858,0.12342944251713961,1.4253245277331725,102,8.443708609271523,102,8.443708609271523,26
microcap_v1_0_costed_broad_own_volume_only_half_official_logic,last_3y,43,13,2023-05-04,2026-04-30,723,28.539536674948863,14.450457392848545,1.8838613277247604,-10.769076919863874,2.6501376940029893,111.83158551475958,0.980863332031781,0.16899627426518649,1.432535521285871,89,12.309820193637622,89,12.309820193637622,22
microcap_v1_0_costed_broad_own_volume_only_half_official_logic,full,44,13,2010-02-02,2026-04-30,3940,30.941541448287758,11.391875376716346,2.5159783990068507,-11.380932944868716,2.718717489873119,7863.907687758903,-0.11403623088705928,0.061657397349256016,0.8206794962809845,216,5.4822335025380715,216,5.4822335025380715,46
microcap_v1_0_costed_broad_own_volume_only_half_official_logic,last_10y,44,13,2016-05-03,2026-04-30,2426,32.30472817476109,13.16425702806073,2.273793471707763,-11.380932944868649,2.838495607631746,1539.0366139765422,0.46790967278777984,0.096417627405335,0.820679496281052,160,6.595218466611706,160,6.595218466611706,38
microcap_v1_0_costed_broad_own_volume_only_half_official_logic,last_5y,44,13,2021-04-30,2026-04-30,1208,33.903523664536664,15.66679632738175,2.022908597903566,-10.776287913416539,3.146122666444963,330.40097214808765,1.506681280691069,0.14519626076675785,1.4253245277331725,89,7.367549668874172,89,7.367549668874172,26
microcap_v1_0_costed_broad_own_volume_only_half_official_logic,last_3y,44,13,2023-05-04,2026-04-30,723,29.40627020868969,14.528105211211779,1.9228195406799242,-10.76907691986383,2.730621243353652,116.13073053475529,1.8475968657726085,0.20795448722035026,1.4325355212859154,76,10.511756569847856,76,10.511756569847856,22
microcap_v1_0_costed_broad_own_volume_only_half_official_logic,full,45,13,2010-02-02,2026-04-30,3940,30.919993772783183,11.394321790400028,2.513961114773594,-11.380932944868672,2.716824176239796,7842.653600360174,-0.1355839063916342,0.05964011311599915,0.8206794962810289,207,5.253807106598985,207,5.253807106598985,46
microcap_v1_0_costed_broad_own_volume_only_half_official_logic,last_10y,45,13,2016-05-03,2026-04-30,2426,32.16331013593605,13.161580403663892,2.2657871696845198,-11.380932944868682,2.826069733627375,1521.6179054910615,0.3264916339627426,0.08841132538209173,0.8206794962810182,163,6.718878812860677,163,6.718878812860677,38
microcap_v1_0_costed_broad_own_volume_only_half_official_logic,last_5y,45,13,2021-04-30,2026-04-30,1208,33.7197511634032,15.659159246322291,2.014661086277692,-10.776287913416539,3.1290692522628247,327.45600507091706,1.3229087795576078,0.13694874914088384,1.4253245277331725,93,7.698675496688742,93,7.698675496688742,26
microcap_v1_0_costed_broad_own_volume_only_half_official_logic,last_3y,45,13,2023-05-04,2026-04-30,723,29.109430782934844,14.514090360662472,1.908030533339314,-10.769076919863796,2.703057188610276,114.65188190991849,1.5507574400177617,0.19316547987973998,1.4325355212859492,80,11.065006915629322,80,11.065006915629322,22
microcap_v1_0_costed_broad_own_volume_only_half_official_logic,full,46,13,2010-02-02,2026-04-30,3940,30.870260465621534,11.390215737890058,2.511357912759081,-11.380932944868661,2.7124542965996525,7793.800947682057,-0.185317213553283,0.05703691110148634,0.8206794962810395,219,5.558375634517766,219,5.558375634517766,46
microcap_v1_0_costed_broad_own_volume_only_half_official_logic,last_10y,46,13,2016-05-03,2026-04-30,2426,32.16331013593605,13.161580403663892,2.2657871696845198,-11.380932944868682,2.826069733627375,1521.6179054910615,0.3264916339627426,0.08841132538209173,0.8206794962810182,163,6.718878812860677,163,6.718878812860677,38
microcap_v1_0_costed_broad_own_volume_only_half_official_logic,last_5y,46,13,2021-04-30,2026-04-30,1208,33.7197511634032,15.659159246322291,2.014661086277692,-10.776287913416539,3.1290692522628247,327.45600507091706,1.3229087795576078,0.13694874914088384,1.4253245277331725,93,7.698675496688742,93,7.698675496688742,26
microcap_v1_0_costed_broad_own_volume_only_half_official_logic,last_3y,46,13,2023-05-04,2026-04-30,723,29.109430782934844,14.514090360662472,1.908030533339314,-10.769076919863796,2.703057188610276,114.65188190991849,1.5507574400177617,0.19316547987973998,1.4325355212859492,80,11.065006915629322,80,11.065006915629322,22
microcap_v1_0_costed_broad_own_volume_only_half_official_logic,full,47,13,2010-02-02,2026-04-30,3940,30.891231509413174,11.390712643200239,2.512715918755647,-11.380932944868693,2.714296943761633,7814.366163116513,-0.16434616976164307,0.058394917098052446,0.8206794962810076,234,5.939086294416244,234,5.939086294416244,46
microcap_v1_0_costed_broad_own_volume_only_half_official_logic,last_10y,47,13,2016-05-03,2026-04-30,2426,32.16331013593605,13.161580403663892,2.2657871696845198,-11.380932944868682,2.826069733627375,1521.6179054910615,0.3264916339627426,0.08841132538209173,0.8206794962810182,179,7.378400659521847,179,7.378400659521847,38
microcap_v1_0_costed_broad_own_volume_only_half_official_logic,last_5y,47,13,2021-04-30,2026-04-30,1208,33.7197511634032,15.659159246322291,2.014661086277692,-10.776287913416539,3.1290692522628247,327.45600507091706,1.3229087795576078,0.13694874914088384,1.4253245277331725,100,8.27814569536424,100,8.27814569536424,26
microcap_v1_0_costed_broad_own_volume_only_half_official_logic,last_3y,47,13,2023-05-04,2026-04-30,723,29.109430782934844,14.514090360662472,1.908030533339314,-10.769076919863796,2.703057188610276,114.65188190991849,1.5507574400177617,0.19316547987973998,1.4325355212859492,87,12.033195020746888,87,12.033195020746888,22
microcap_v1_0_costed_broad_own_volume_only_half_official_logic,full,48,13,2010-02-02,2026-04-30,3940,30.844663495566472,11.395642899422239,2.5084318992199215,-11.380932944868682,2.710205186603212,7768.767285508527,-0.21091418360834524,0.05411089756232679,0.8206794962810182,226,5.736040609137056,226,5.736040609137056,44
microcap_v1_0_costed_broad_own_volume_only_half_official_logic,last_10y,48,13,2016-05-03,2026-04-30,2426,32.093871847053656,13.168433612962238,2.260530863911083,-11.380932944868661,2.819968450962877,1513.1262025628573,0.2570533450803474,0.08315501960865479,0.8206794962810395,172,7.089859851607584,172,7.089859851607584,36
microcap_v1_0_costed_broad_own_volume_only_half_official_logic,last_5y,48,13,2021-04-30,2026-04-30,1208,33.54987412336625,15.670706348968979,2.0048227548599384,-10.77628791341655,3.1133052859135693,324.7480725765725,1.1530317395206566,0.12711041772313036,1.4253245277331619,95,7.864238410596027,95,7.864238410596027,24
microcap_v1_0_costed_broad_own_volume_only_half_official_logic,last_3y,48,13,2023-05-04,2026-04-30,723,29.15263307614122,14.513766250236529,1.9104746394218772,-10.769076919863796,2.707068887433477,114.86669488813246,1.593959733224139,0.19560958596230327,1.4325355212859492,83,11.479944674965422,83,11.479944674965422,20
microcap_v1_0_costed_broad_own_volume_only_half_official_logic,full,49,13,2010-02-02,2026-04-30,3940,30.859738211014953,11.390303583146128,2.510605679068742,-11.380932944868682,2.7115297454527814,7783.501221373896,-0.19583946815986408,0.0562846774111474,0.8206794962810182,231,5.862944162436548,231,5.862944162436548,44
microcap_v1_0_costed_broad_own_volume_only_half_official_logic,last_10y,49,13,2016-05-03,2026-04-30,2426,32.130731524062426,13.160898346869226,2.2639518839098103,-11.380932944868693,2.8232071728837633,1517.628826336206,0.29391302208911796,0.08657603960738225,0.8206794962810076,178,7.337180544105523,178,7.337180544105523,36
microcap_v1_0_costed_broad_own_volume_only_half_official_logic,last_5y,49,13,2021-04-30,2026-04-30,1208,33.54987412336625,15.670706348968979,2.0048227548599384,-10.77628791341655,3.1133052859135693,324.7480725765725,1.1530317395206566,0.12711041772313036,1.4253245277331619,95,7.864238410596027,95,7.864238410596027,24
microcap_v1_0_costed_broad_own_volume_only_half_official_logic,last_3y,49,13,2023-05-04,2026-04-30,723,29.15263307614122,14.513766250236529,1.9104746394218772,-10.769076919863796,2.707068887433477,114.86669488813246,1.593959733224139,0.19560958596230327,1.4325355212859492,83,11.479944674965422,83,11.479944674965422,20
microcap_v1_0_costed_broad_own_volume_only_half_official_logic,full,50,13,2010-02-02,2026-04-30,3940,30.88823689421927,11.38384658652069,2.5139536651483514,-11.380932944868649,2.714033818127883,7811.4264252512185,-0.16734078495554883,0.05963266349075669,0.820679496281052,246,6.243654822335025,246,6.243654822335025,46
microcap_v1_0_costed_broad_own_volume_only_half_official_logic,last_10y,50,13,2016-05-03,2026-04-30,2426,32.135882891654056,13.15082725670314,2.2658924208295144,-11.380932944868672,2.8236598042819665,1518.2589957662678,0.29906438968074767,0.08851657652708633,0.8206794962810289,194,7.996702390766694,194,7.996702390766694,38
microcap_v1_0_costed_broad_own_volume_only_half_official_logic,last_5y,50,13,2021-04-30,2026-04-30,1208,33.68481978329263,15.660570288096176,2.0127519598456836,-10.77628791341655,3.125827748287498,326.8980550542775,1.287977399447037,0.13503962270887548,1.4253245277331619,99,8.195364238410596,99,8.195364238410596,26
microcap_v1_0_costed_broad_own_volume_only_half_official_logic,last_3y,50,13,2023-05-04,2026-04-30,723,29.37092832329511,14.495648735305908,1.9248331158081542,-10.76907691986383,2.7273394499689854,115.9543034233514,1.8122549803780288,0.20996806234858023,1.4325355212859154,87,12.033195020746888,87,12.033195020746888,22
microcap_v1_0_costed_broad_own_volume_only_half_official_logic,full,51,13,2010-02-02,2026-04-30,3940,30.86854560822301,11.3836343110583,2.5126243924208103,-11.380932944868704,2.7123036184955858,7792.121495832386,-0.1870320709518083,0.05830339076321556,0.8206794962809969,245,6.218274111675127,245,6.218274111675127,48
microcap_v1_0_costed_broad_own_volume_only_half_official_logic,last_10y,51,13,2016-05-03,2026-04-30,2426,32.092696216466685,13.150436091176957,2.2633735384772344,-11.380932944868672,2.819865152701417,1512.9827782373216,0.2558777144933764,0.0859976941748064,0.8206794962810289,194,7.996702390766694,194,7.996702390766694,40
microcap_v1_0_costed_broad_own_volume_only_half_official_logic,last_5y,51,13,2021-04-30,2026-04-30,1208,33.59751996817879,15.659940125325999,2.008471313510583,-10.77628791341655,3.117726645587267,325.5061845273447,1.2006775843331923,0.13075897637377487,1.4253245277331619,99,8.195364238410596,99,8.195364238410596,28
microcap_v1_0_costed_broad_own_volume_only_half_official_logic,last_3y,51,13,2023-05-04,2026-04-30,723,29.350936023391363,14.49762728997421,1.92347844605627,-10.769076919863785,2.7254829955994606,115.8545440828664,1.7922626804742805,0.20861339259669598,1.4325355212859598,86,11.89488243430152,86,11.89488243430152,22
microcap_v1_0_costed_broad_own_volume_only_half_official_logic,full,52,13,2010-02-02,2026-04-30,3940,30.92158020003888,11.394897849067833,2.5139484617236287,-11.380932944868672,2.716963569667679,7844.216595418503,-0.13399747913593885,0.05962746006603403,0.8206794962810289,244,6.192893401015229,244,6.192893401015229,50
microcap_v1_0_costed_broad_own_volume_only_half_official_logic,last_10y,52,13,2016-05-03,2026-04-30,2426,32.20170181388811,13.165884310773166,2.267378957499235,-11.380932944868704,2.829443066739693,1526.330125138898,0.3648833119147987,0.09000311319680687,0.8206794962809969,194,7.996702390766694,194,7.996702390766694,42
microcap_v1_0_costed_broad_own_volume_only_half_official_logic,last_5y,52,13,2021-04-30,2026-04-30,1208,33.8826991387984,15.686647165480693,2.0195083437731998,-10.821260799832011,3.1311230516987814,330.0664446309515,1.4858567549528061,0.1417960066363917,1.3803516413177004,98,8.112582781456954,98,8.112582781456954,30
microcap_v1_0_costed_broad_own_volume_only_half_official_logic,last_3y,52,13,2023-05-04,2026-04-30,723,30.0197692832624,14.549421507096087,1.954118935805796,-10.769076919863807,2.7875898284179077,119.20862884443353,2.4610959403453165,0.23925388234622202,1.4325355212859385,84,11.618257261410788,84,11.618257261410788,22
microcap_v1_0_costed_broad_own_volume_only_half_official_logic,full,53,13,2010-02-02,2026-04-30,3940,31.276544361208792,11.39477378933515,2.5386755157472094,-11.380932944868682,2.7481529425327507,8201.288901327329,0.22096668203397485,0.0843545140896147,0.8206794962810182,237,6.015228426395939,237,6.015228426395939,54
microcap_v1_0_costed_broad_own_volume_only_half_official_logic,last_10y,53,13,2016-05-03,2026-04-30,2426,32.77952467630703,13.165046378007705,2.3019256491148434,-11.380932944868704,2.880214199933957,1598.7567490149534,0.9427061743337184,0.1245498048124154,0.8206794962809969,189,7.790601813685079,189,7.790601813685079,46
microcap_v1_0_costed_broad_own_volume_only_half_official_logic,last_5y,53,13,2021-04-30,2026-04-30,1208,35.05462929952705,15.684761733949474,2.0777415945143116,-10.821260799832011,3.2394219072948727,349.2189279709122,2.6577869156814558,0.20002925737750354,1.3803516413177004,93,7.698675496688742,93,7.698675496688742,34
microcap_v1_0_costed_broad_own_volume_only_half_official_logic,last_3y,53,13,2023-05-04,2026-04-30,723,31.99339584580838,14.544803279242386,2.0627287792952265,-10.015257329125804,3.1944656831499474,129.30784057211326,4.434722502891297,0.3478637258356525,2.186355112023941,78,10.78838174273859,78,10.78838174273859,24
microcap_v1_0_costed_broad_own_volume_only_half_official_logic,full,54,13,2010-02-02,2026-04-30,3940,31.288719708520585,11.394343540267442,2.5396133645460934,-11.380932944868604,2.7492227447511617,8213.799680733853,0.23314202934576755,0.08529236288849873,0.8206794962810964,243,6.16751269035533,243,6.16751269035533,54
microcap_v1_0_costed_broad_own_volume_only_half_official_logic,last_10y,54,13,2016-05-03,2026-04-30,2426,32.79954135358749,13.164435096836858,2.303216120548551,-11.380932944868649,2.881972990481058,1601.3169262603096,0.9627228516141848,0.12584027624612304,0.820679496281052,195,8.037922506183017,195,8.037922506183017,46
microcap_v1_0_costed_broad_own_volume_only_half_official_logic,last_5y,54,13,2021-04-30,2026-04-30,1208,35.05462929952705,15.684761733949474,2.0777415945143116,-10.821260799832011,3.2394219072948727,349.2189279709122,2.6577869156814558,0.20002925737750354,1.3803516413177004,97,8.02980132450331,97,8.02980132450331,34
microcap_v1_0_costed_broad_own_volume_only_half_official_logic,last_3y,54,13,2023-05-04,2026-04-30,723,31.99339584580838,14.544803279242386,2.0627287792952265,-10.015257329125804,3.1944656831499474,129.30784057211326,4.434722502891297,0.3478637258356525,2.186355112023941,82,11.341632088520056,82,11.341632088520056,24
microcap_v1_0_costed_broad_own_volume_only_half_official_logic,full,55,13,2010-02-02,2026-04-30,3940,31.15917868261302,11.404256161884566,2.528508938697953,-11.380932944868627,2.7378404594380727,8081.592418708881,0.10360100343820378,0.07418793704035842,0.8206794962810733,251,6.370558375634518,251,6.370558375634518,52
microcap_v1_0_costed_broad_own_volume_only_half_official_logic,last_10y,55,13,2016-05-03,2026-04-30,2426,32.61426795846374,13.176812388485642,2.2901742127390405,-11.380932944868682,2.8656937103885256,1577.7521520014752,0.7774494564904337,0.1127983684366125,0.8206794962810182,204,8.408903544929926,204,8.408903544929926,46
microcap_v1_0_costed_broad_own_volume_only_half_official_logic,last_5y,55,13,2021-04-30,2026-04-30,1208,34.663606038806314,15.72635947897189,2.053417677119072,-10.821260799832011,3.2032871843680573,342.7542436304745,2.2667636549607195,0.1757053399822639,1.3803516413177004,96,7.9470198675496695,96,7.9470198675496695,34
microcap_v1_0_costed_broad_own_volume_only_half_official_logic,last_3y,55,13,2023-05-04,2026-04-30,723,31.35498460746442,14.619298777149236,2.018377258525712,-10.015257329125692,3.1307218154325382,126.00788432854645,3.796311264547338,0.3035122050661381,2.186355112024053,81,11.20331950207469,81,11.20331950207469,24
microcap_v1_0_costed_broad_own_volume_only_half_official_logic,full,56,13,2010-02-02,2026-04-30,3940,30.973205369490465,11.404299013753342,2.5155637332411414,-11.380932944868693,2.7214996801694817,7895.237046200545,-0.08237230968435227,0.06124273158354665,0.8206794962810076,256,6.49746192893401,256,6.49746192893401,54
microcap_v1_0_costed_broad_own_volume_only_half_official_logic,last_10y,56,13,2016-05-03,2026-04-30,2426,32.49268346926326,13.18235348024642,2.282038099930516,-11.380932944868682,2.855010536189235,1562.4479680762854,0.6558649672899541,0.10466225562808784,0.8206794962810182,205,8.45012366034625,205,8.45012366034625,48
microcap_v1_0_costed_broad_own_volume_only_half_official_logic,last_5y,56,13,2021-04-30,2026-04-30,1208,34.41699503717515,15.735781692054884,2.040119536056167,-10.821260799832011,3.180497695583627,338.7155109904363,2.0201526533295535,0.16240719891935873,1.3803516413177004,97,8.02980132450331,97,8.02980132450331,36
microcap_v1_0_costed_broad_own_volume_only_half_official_logic,last_3y,56,13,2023-05-04,2026-04-30,723,31.250607645777873,14.618789408338854,2.0127693998462597,-10.015257329125738,3.120300020139955,125.4713830955159,3.6919343028607905,0.2979043463866857,2.186355112024007,83,11.479944674965422,83,11.479944674965422,26
microcap_v1_0_costed_broad_own_volume_only_half_official_logic,full,57,13,2010-02-02,2026-04-30,3940,31.20448337724153,11.329693415072834,2.5475663722366564,-11.380932944868661,2.7418212134630617,8127.603600886368,0.14890569806671294,0.09324537057906168,0.8206794962810395,278,7.055837563451776,278,7.055837563451776,52
microcap_v1_0_costed_broad_own_volume_only_half_official_logic,last_10y,57,13,2016-05-03,2026-04-30,2426,32.87316845039494,13.077332092294732,2.3220861106825548,-11.380932944868672,2.888442328026938,1610.7638972293664,1.036349948421634,0.14471026638012674,0.8206794962810289,227,9.356966199505358,227,9.356966199505358,46
microcap_v1_0_costed_broad_own_volume_only_half_official_logic,last_5y,57,13,2021-04-30,2026-04-30,1208,35.03608513151166,15.554264822231437,2.0929391110754674,-10.821260799832011,3.237708228236728,348.9106466369148,2.639242747666067,0.2152267739386593,1.3803516413177004,122,10.099337748344372,122,10.099337748344372,34
microcap_v1_0_costed_broad_own_volume_only_half_official_logic,last_3y,57,13,2023-05-04,2026-04-30,723,31.3050579454085,14.522668878025078,2.0280994664373266,-10.015257329125715,3.125736755097563,125.75115366499733,3.7463846024914176,0.3132344129777527,2.18635511202403,93,12.863070539419086,93,12.863070539419086,26
microcap_v1_0_costed_broad_own_volume_only_half_official_logic,full,58,13,2010-02-02,2026-04-30,3940,31.080653573478067,11.309111894288549,2.5433183206793344,-11.380932944868661,2.730940751873198,8002.414250226147,0.025075894303249413,0.08899731902173968,0.8206794962810395,292,7.411167512690356,292,7.411167512690356,52
microcap_v1_0_costed_broad_own_volume_only_half_official_logic,last_10y,58,13,2016-05-03,2026-04-30,2426,32.66939872460366,13.048440488406637,2.314722084790438,-11.380932944868672,2.870537844556349,1584.733301710151,0.8325802226303516,0.13734624048800992,0.8206794962810289,241,9.934047815333882,241,9.934047815333882,46
microcap_v1_0_costed_broad_own_volume_only_half_official_logic,last_5y,58,13,2021-04-30,2026-04-30,1208,34.62256875967693,15.505636071222078,2.078368313369551,-10.821260799832011,3.1994949017599144,342.08012403481956,2.2257263758313357,0.2006559762327429,1.3803516413177004,136,11.258278145695364,136,11.258278145695364,34
microcap_v1_0_costed_broad_own_volume_only_half_official_logic,last_3y,58,13,2023-05-04,2026-04-30,723,30.633389233084696,14.435039033571206,2.0024801910951666,-10.015257329125705,3.0586722064543177,122.3161753032457,3.0747158901676137,0.28761513763559265,2.1863551120240405,107,14.79944674965422,107,14.79944674965422,26
microcap_v1_0_costed_broad_own_volume_only_half_official_logic,full,59,13,2010-02-02,2026-04-30,3940,31.080641422408494,11.309196727410157,2.54329924261061,-11.380932944868661,2.7309396842041735,8002.402053936051,0.02506374323367666,0.08897824095301532,0.8206794962810395,296,7.5126903553299496,296,7.5126903553299496,52
microcap_v1_0_costed_broad_own_volume_only_half_official_logic,last_10y,59,13,2016-05-03,2026-04-30,2426,32.66937873515947,13.048559898326525,2.3147009023165968,-11.380932944868672,2.870536088158672,1584.7307657380998,0.832560233186161,0.13732505801416872,0.8206794962810289,245,10.098928276999175,245,10.098928276999175,46
microcap_v1_0_costed_broad_own_volume_only_half_official_logic,last_5y,59,13,2021-04-30,2026-04-30,1208,34.6225282255439,15.505837876468624,2.0783412638393526,-10.821260799832011,3.199491155973376,342.0794585865627,2.225685841698308,0.2006289267025445,1.3803516413177004,140,11.589403973509933,140,11.589403973509933,34
microcap_v1_0_costed_broad_own_volume_only_half_official_logic,last_3y,59,13,2023-05-04,2026-04-30,723,30.633323461955108,14.435401218264065,2.0024299488011006,-10.015392780114995,3.058624273106479,122.31584065822716,3.0746501190380258,0.2875648953415266,2.18621966103475,111,15.352697095435685,111,15.352697095435685,26
microcap_v1_0_costed_broad_own_volume_only_half_official_logic,full,60,13,2010-02-02,2026-04-30,3940,30.972057327380554,11.290579468098422,2.5396791050060012,-11.380932944868661,2.721398806004298,7894.099116582032,-0.08352035179426309,0.08535810334840654,0.8206794962810395,296,7.5126903553299496,296,7.5126903553299496,50
microcap_v1_0_costed_broad_own_volume_only_half_official_logic,last_10y,60,13,2016-05-03,2026-04-30,2426,32.49079582510479,13.022411478087303,2.3083461412063837,-11.380932944868672,2.854844675959007,1562.2113586085216,0.6539773231314818,0.13097029690395567,0.8206794962810289,245,10.098928276999175,245,10.098928276999175,44
microcap_v1_0_costed_broad_own_volume_only_half_official_logic,last_5y,60,13,2021-04-30,2026-04-30,1208,34.260645278620046,15.46177189867691,2.065654352751524,-10.821260799832045,3.1660493090742072,336.1702845428561,1.8638028947744516,0.1879420156147158,1.3803516413176666,140,11.589403973509933,140,11.589403973509933,32
microcap_v1_0_costed_broad_own_volume_only_half_official_logic,last_3y,60,13,2023-05-04,2026-04-30,723,30.693979553463713,14.436729451921565,2.005613421785848,-10.015392780114995,3.0646805599481732,122.62460267636351,3.1353062105466307,0.29074836832627393,2.18621966103475,110,15.214384508990317,110,15.214384508990317,24
microcap_v1_0_costed_broad_own_volume_only_half_official_logic,full,61,13,2010-02-02,2026-04-30,3940,30.72803248255194,11.316239229652881,2.5170473493467447,-12.289520906927631,2.500344213193085,7655.643112757174,-0.3275451966228786,0.06272634768914997,-0.08790846577793054,290,7.3604060913705585,290,7.3604060913705585,50
microcap_v1_0_costed_broad_own_volume_only_half_official_logic,last_10y,61,13,2016-05-03,2026-04-30,2426,32.08979800246738,13.058658648069121,2.2781922417550464,-12.289520906927653,2.6111512601258715,1512.6292515686052,0.25297950049407447,0.10081639745261839,-0.08790846577795186,239,9.851607584501236,239,9.851607584501236,44
microcap_v1_0_costed_broad_own_volume_only_half_official_logic,last_5y,61,13,2021-04-30,2026-04-30,1208,33.44983081206059,15.523319803872418,2.0173463440402,-12.28952090692771,2.721817316182328,323.15975996435674,1.052988428214995,0.13963400690339212,-0.08790846577799805,134,11.092715231788079,134,11.092715231788079,32
microcap_v1_0_costed_broad_own_volume_only_half_official_logic,last_3y,61,13,2023-05-04,2026-04-30,723,29.3768650254566,14.54576046626502,1.9190453732045722,-12.289520906927686,2.39039953208401,115.98393281061364,1.818191682539517,0.20418031974499828,-0.0879084657779412,104,14.384508990318118,104,14.384508990318118,24
microcap_v1_0_costed_broad_own_volume_only_half_official_logic,full,62,13,2010-02-02,2026-04-30,3940,30.691983118575685,11.313334300295615,2.5151300879391685,-12.28952090692771,2.4974108715071512,7620.987612903025,-0.3635945605991324,0.060809086281573776,-0.0879084657780087,288,7.309644670050762,288,7.309644670050762,52
microcap_v1_0_costed_broad_own_volume_only_half_official_logic,last_10y,62,13,2016-05-03,2026-04-30,2426,32.08979800246738,13.058658648069121,2.2781922417550464,-12.289520906927653,2.6111512601258715,1512.6292515686052,0.25297950049407447,0.10081639745261839,-0.08790846577795186,235,9.686727122835944,235,9.686727122835944,44
microcap_v1_0_costed_broad_own_volume_only_half_official_logic,last_5y,62,13,2021-04-30,2026-04-30,1208,33.44983081206059,15.523319803872418,2.0173463440402,-12.28952090692771,2.721817316182328,323.15975996435674,1.052988428214995,0.13963400690339212,-0.08790846577799805,131,10.844370860927151,131,10.844370860927151,32
microcap_v1_0_costed_broad_own_volume_only_half_official_logic,last_3y,62,13,2023-05-04,2026-04-30,723,29.3768650254566,14.54576046626502,1.9190453732045722,-12.289520906927686,2.39039953208401,115.98393281061364,1.818191682539517,0.20418031974499828,-0.0879084657779412,101,13.96957123098202,101,13.96957123098202,24
microcap_v1_0_costed_broad_own_volume_only_half_official_logic,full,63,13,2010-02-02,2026-04-30,3940,30.669804594047246,11.318596905380089,2.512454432317365,-12.201612441149724,2.513586195428882,7599.738890701014,-0.38577308512757114,0.05813343065977028,-2.3092638912203256e-14,282,7.15736040609137,282,7.15736040609137,50
microcap_v1_0_costed_broad_own_volume_only_half_official_logic,last_10y,63,13,2016-05-03,2026-04-30,2426,32.053365920288535,13.066073664412531,2.2747802845668343,-12.2016124411497,2.626977874841294,1508.1911780086714,0.21654741831522628,0.09740444026440631,0.0,229,9.439406430338003,229,9.439406430338003,42
microcap_v1_0_costed_broad_own_volume_only_half_official_logic,last_5y,63,13,2021-04-30,2026-04-30,1208,33.37628701701645,15.535867430154862,2.0121378665217553,-12.201612441149734,2.7353997004900337,321.9951933781446,0.9794446331708571,0.13442552938494723,-2.3092638912203256e-14,124,10.264900662251655,124,10.264900662251655,30
microcap_v1_0_costed_broad_own_volume_only_half_official_logic,last_3y,63,13,2023-05-04,2026-04-30,723,29.257663361394748,14.568039478557148,1.9097331608922088,-12.201612441149734,2.3978522103131032,115.38952924225154,1.6989900184776658,0.19486810743263483,1.0658141036401503e-14,94,13.001383125864455,94,13.001383125864455,22
microcap_v1_0_costed_broad_own_volume_only_half_official_logic,full,64,13,2010-02-02,2026-04-30,3940,31.077674827007982,11.28166497658167,2.5490076689590393,-12.201612441149734,2.547013763705446,7999.424933768288,0.022097147833164854,0.0946866673014446,-3.375077994860476e-14,284,7.208121827411168,284,7.208121827411168,50
microcap_v1_0_costed_broad_own_volume_only_half_official_logic,last_10y,64,13,2016-05-03,2026-04-30,2426,32.6419821548136,13.01888105629258,2.318012809911334,-12.201612441149734,2.6752187313153017,1581.2583101615878,0.8051636528402888,0.14063696560890593,-3.375077994860476e-14,229,9.439406430338003,229,9.439406430338003,42
microcap_v1_0_costed_broad_own_volume_only_half_official_logic,last_5y,64,13,2021-04-30,2026-04-30,1208,34.566979803773904,15.455682464529389,2.0817618621878324,-12.201612441149745,2.8329845723666254,341.1682736587097,2.1701374199283094,0.20404952505102436,-3.375077994860476e-14,124,10.264900662251655,124,10.264900662251655,30
microcap_v1_0_costed_broad_own_volume_only_half_official_logic,last_3y,64,13,2023-05-04,2026-04-30,723,29.257663361394748,14.568039478557148,1.9097331608922088,-12.201612441149734,2.3978522103131032,115.38952924225154,1.6989900184776658,0.19486810743263483,1.0658141036401503e-14,94,13.001383125864455,94,13.001383125864455,22
microcap_v1_0_costed_broad_own_volume_only_half_official_logic,full,65,13,2010-02-02,2026-04-30,3940,30.957899722656723,11.262688793770963,2.5446770938396224,-12.201612441149724,2.5371974295996935,7880.078706578206,-0.09767795651809408,0.09035609218202767,-2.3092638912203256e-14,285,7.233502538071066,285,7.233502538071066,50
microcap_v1_0_costed_broad_own_volume_only_half_official_logic,last_10y,65,13,2016-05-03,2026-04-30,2426,32.445035425991755,12.992236817573843,2.310623182136249,-12.201612441149756,2.659077690139654,1556.4847197041765,0.6082169240184463,0.1332473378338208,-5.5067062021407764e-14,230,9.480626545754328,230,9.480626545754328,42
microcap_v1_0_costed_broad_own_volume_only_half_official_logic,last_5y,65,13,2021-04-30,2026-04-30,1208,34.167994082067075,15.410746655001233,2.0672720161965707,-12.201612441149745,2.800285146480809,334.66759374036184,1.7711516982214803,0.18955967905976268,-3.375077994860476e-14,125,10.347682119205299,125,10.347682119205299,30
microcap_v1_0_costed_broad_own_volume_only_half_official_logic,last_3y,65,13,2023-05-04,2026-04-30,723,29.257663361394748,14.568039478557148,1.9097331608922088,-12.201612441149734,2.3978522103131032,115.38952924225154,1.6989900184776658,0.19486810743263483,1.0658141036401503e-14,94,13.001383125864455,94,13.001383125864455,22
microcap_v1_0_costed_broad_own_volume_only_half_official_logic,full,66,13,2010-02-02,2026-04-30,3940,30.809264062262187,11.28725416261817,2.5289246629390516,-12.201612441149667,2.5250157887623628,7734.269620049534,-0.2463136169126301,0.0746036612814569,3.375077994860476e-14,264,6.7005076142131985,264,6.7005076142131985,54
microcap_v1_0_costed_broad_own_volume_only_half_official_logic,last_10y,66,13,2016-05-03,2026-04-30,2426,32.21817108395588,13.027194314829076,2.291101296898465,-12.201612441149711,2.6404847096520374,1528.3553482183202,0.38135258198257205,0.11372545259603717,-1.0658141036401503e-14,208,8.573784006595218,208,8.573784006595218,46
microcap_v1_0_costed_broad_own_volume_only_half_official_logic,last_5y,66,13,2021-04-30,2026-04-30,1208,34.11324418005586,15.452403373205506,2.0593607071132296,-12.2016124411497,2.795798042643086,333.78156492387456,1.7164017962102633,0.18164836997642153,1.0658141036401503e-14,114,9.437086092715232,114,9.437086092715232,30
microcap_v1_0_costed_broad_own_volume_only_half_official_logic,last_3y,66,13,2023-05-04,2026-04-30,723,29.169475403255873,14.641513970293097,1.8960263664999513,-12.201612441149734,2.390624644402104,114.9504780398463,1.6108020603387914,0.1811613130403773,1.0658141036401503e-14,83,11.479944674965422,83,11.479944674965422,22
microcap_v1_0_costed_broad_own_volume_only_half_official_logic,full,67,13,2010-02-02,2026-04-30,3940,30.906485248874116,11.292389676948126,2.5346663258808837,-12.201612441149745,2.5329836853891936,7829.356288513007,-0.1490924303007013,0.080345324223289,-4.440892098500626e-14,262,6.6497461928934,262,6.6497461928934,52
microcap_v1_0_costed_broad_own_volume_only_half_official_logic,last_10y,67,13,2016-05-03,2026-04-30,2426,32.37793125976181,13.034369399245533,2.299536968947215,-12.201612441149724,2.6535780755146594,1548.1191414812479,0.5411127577885004,0.12216112464478712,-2.3092638912203256e-14,206,8.491343775762573,206,8.491343775762573,44
microcap_v1_0_costed_broad_own_volume_only_half_official_logic,last_5y,67,13,2021-04-30,2026-04-30,1208,34.23651892196269,15.456830044303302,2.0650218919754217,-12.201612441149724,2.8059011943782637,335.77858453542274,1.8396765381170965,0.18730955483861367,-1.2434497875801753e-14,113,9.35430463576159,113,9.35430463576159,30
microcap_v1_0_costed_broad_own_volume_only_half_official_logic,last_3y,67,13,2023-05-04,2026-04-30,723,29.36807327605251,14.649494966762482,1.906013209626894,-12.201612441149724,2.406901007362699,115.94005517928193,1.8093999331354276,0.19114815616732006,2.1316282072803006e-14,82,11.341632088520056,82,11.341632088520056,22
microcap_v1_0_costed_broad_own_volume_only_half_official_logic,full,68,13,2010-02-02,2026-04-30,3940,30.86781221878052,11.295431530678997,2.5312945463821186,-12.201612441149711,2.529814183794217,7791.403350575481,-0.18776546039429576,0.07697354472452389,-1.0658141036401503e-14,260,6.598984771573605,260,6.598984771573605,54
microcap_v1_0_costed_broad_own_volume_only_half_official_logic,last_10y,68,13,2016-05-03,2026-04-30,2426,32.38905148139419,13.033995994086418,2.300268694402346,-12.201612441149667,2.654489448637365,1549.5028164887472,0.5522329794208822,0.1228928500999178,3.375077994860476e-14,207,8.532563891178896,207,8.532563891178896,46
microcap_v1_0_costed_broad_own_volume_only_half_official_logic,last_5y,68,13,2021-04-30,2026-04-30,1208,34.23651892196269,15.456830044303302,2.0650218919754217,-12.201612441149724,2.8059011943782637,335.77858453542274,1.8396765381170965,0.18730955483861367,-1.2434497875801753e-14,113,9.35430463576159,113,9.35430463576159,30
microcap_v1_0_costed_broad_own_volume_only_half_official_logic,last_3y,68,13,2023-05-04,2026-04-30,723,29.36807327605251,14.649494966762482,1.906013209626894,-12.201612441149724,2.406901007362699,115.94005517928193,1.8093999331354276,0.19114815616732006,2.1316282072803006e-14,82,11.341632088520056,82,11.341632088520056,22
microcap_v1_0_costed_broad_own_volume_only_half_official_logic,full,69,13,2010-02-02,2026-04-30,3940,30.886112866914893,11.295741948201238,2.532515209314388,-12.201612441149734,2.5313140386881976,7809.341942648538,-0.1694648122599247,0.07819420765679341,-3.375077994860476e-14,259,6.573604060913706,259,6.573604060913706,54
microcap_v1_0_costed_broad_own_volume_only_half_official_logic,last_10y,69,13,2016-05-03,2026-04-30,2426,32.38905148139419,13.033995994086418,2.300268694402346,-12.201612441149667,2.654489448637365,1549.5028164887472,0.5522329794208822,0.1228928500999178,3.375077994860476e-14,207,8.532563891178896,207,8.532563891178896,46
microcap_v1_0_costed_broad_own_volume_only_half_official_logic,last_5y,69,13,2021-04-30,2026-04-30,1208,34.23651892196269,15.456830044303302,2.0650218919754217,-12.201612441149724,2.8059011943782637,335.77858453542274,1.8396765381170965,0.18730955483861367,-1.2434497875801753e-14,113,9.35430463576159,113,9.35430463576159,30
microcap_v1_0_costed_broad_own_volume_only_half_official_logic,last_3y,69,13,2023-05-04,2026-04-30,723,29.36807327605251,14.649494966762482,1.906013209626894,-12.201612441149724,2.406901007362699,115.94005517928193,1.8093999331354276,0.19114815616732006,2.1316282072803006e-14,82,11.341632088520056,82,11.341632088520056,22
microcap_v1_0_costed_broad_own_volume_only_half_official_logic,full,70,13,2010-02-02,2026-04-30,3940,30.538917361455333,11.270044879368031,2.5135303604110217,-12.201612441149724,2.502859151505531,7475.4522595698745,-0.5166603177194844,0.05920935875342703,-2.3092638912203256e-14,269,6.82741116751269,269,6.82741116751269,52
microcap_v1_0_costed_broad_own_volume_only_half_official_logic,last_10y,70,13,2016-05-03,2026-04-30,2426,31.79612152561728,12.997681647651119,2.2704556049443005,-12.201612441149724,2.6058950551802007,1477.1657479115208,-0.04069697635602765,0.09307976064187251,-2.3092638912203256e-14,218,8.98598516075845,218,8.98598516075845,44
microcap_v1_0_costed_broad_own_volume_only_half_official_logic,last_5y,70,13,2021-04-30,2026-04-30,1208,33.037784253762894,15.395709867112725,2.011776384655387,-12.201612441149724,2.707657239000933,316.6680107074094,0.6409418699172988,0.1340640475185788,-1.2434497875801753e-14,124,10.264900662251655,124,10.264900662251655,28
microcap_v1_0_costed_broad_own_volume_only_half_official_logic,last_3y,70,13,2023-05-04,2026-04-30,723,27.638807792591933,14.4992284060327,1.8274464975038902,-12.20161244114969,2.265176666272452,107.42452230753182,0.08013444967485128,0.11258144404431625,5.5067062021407764e-14,96,13.278008298755188,96,13.278008298755188,20
microcap_v1_0_costed_broad_own_volume_only_half_official_logic,full,71,13,2010-02-02,2026-04-30,3940,30.434478238946316,11.291769954771464,2.501544065163389,-12.201612441149734,2.494299698973108,7377.6330587149305,-0.6210994402285017,0.047223063505794194,-3.375077994860476e-14,263,6.675126903553299,263,6.675126903553299,52
microcap_v1_0_costed_broad_own_volume_only_half_official_logic,last_10y,71,13,2016-05-03,2026-04-30,2426,31.642389284442363,13.028109129921456,2.256152908438552,-12.2016124411497,2.5932957170258106,1458.8827573589122,-0.19442921753094566,0.07877706413612406,0.0,213,8.779884583676836,213,8.779884583676836,44
microcap_v1_0_costed_broad_own_volume_only_half_official_logic,last_5y,71,13,2021-04-30,2026-04-30,1208,32.72785863648373,15.447357646869872,1.9898062772725342,-12.2016124411497,2.6822568569797927,311.8378669426036,0.33101625263813617,0.11209394013572616,1.0658141036401503e-14,119,9.850993377483444,119,9.850993377483444,28
microcap_v1_0_costed_broad_own_volume_only_half_official_logic,last_3y,71,13,2023-05-04,2026-04-30,723,27.638807792591933,14.4992284060327,1.8274464975038902,-12.20161244114969,2.265176666272452,107.42452230753182,0.08013444967485128,0.11258144404431625,5.5067062021407764e-14,96,13.278008298755188,96,13.278008298755188,20
microcap_v1_0_costed_broad_own_volume_only_half_official_logic,full,72,13,2010-02-02,2026-04-30,3940,30.489183934469843,11.287284863670145,2.5063557705245603,-12.201612441149734,2.4987831798070865,7428.722403861633,-0.5663937447049747,0.052034768866965564,-3.375077994860476e-14,267,6.776649746192893,267,6.776649746192893,52
microcap_v1_0_costed_broad_own_volume_only_half_official_logic,last_10y,72,13,2016-05-03,2026-04-30,2426,31.70616202130041,13.021581506782498,2.261082737028583,-12.201612441149711,2.598522299755397,1466.4438111147092,-0.13065648067289715,0.08370689272615506,-1.0658141036401503e-14,218,8.98598516075845,218,8.98598516075845,44
microcap_v1_0_costed_broad_own_volume_only_half_official_logic,last_5y,72,13,2021-04-30,2026-04-30,1208,32.78405785166518,15.442175248002762,1.9932846104794208,-12.2016124411497,2.6868627412801267,312.71038153623545,0.38721546781958693,0.11557227334261277,1.0658141036401503e-14,119,9.850993377483444,119,9.850993377483444,28
microcap_v1_0_costed_broad_own_volume_only_half_official_logic,last_3y,72,13,2023-05-04,2026-04-30,723,27.55531219170113,14.491249175392221,1.8236625830382591,-12.201612441149711,2.258333668980614,107.01911581529431,-0.0033611512159517076,0.10879752957868516,3.375077994860476e-14,99,13.692946058091287,99,13.692946058091287,20
microcap_v1_0_costed_broad_own_volume_only_half_official_logic,full,73,13,2010-02-02,2026-04-30,3940,30.429173188276472,11.3003314728347,2.4993621214721022,-12.201612441149711,2.4938649162183393,7372.696044201375,-0.626404490898345,0.045041119814507535,-1.0658141036401503e-14,266,6.751269035532995,266,6.751269035532995,52
microcap_v1_0_costed_broad_own_volume_only_half_official_logic,last_10y,73,13,2016-05-03,2026-04-30,2426,31.551236148366456,13.038236590787475,2.2489849773945285,-12.201612441149734,2.585825135861588,1448.1324334912488,-0.285582353606852,0.07160913309210049,-3.375077994860476e-14,218,8.98598516075845,218,8.98598516075845,44
microcap_v1_0_costed_broad_own_volume_only_half_official_logic,last_5y,73,13,2021-04-30,2026-04-30,1208,32.472110144033635,15.470451535047273,1.9740539795121859,-12.201612441149724,2.6612966360513153,307.88588952968576,0.07526776018804071,0.09634164237537779,-1.2434497875801753e-14,119,9.850993377483444,119,9.850993377483444,28
microcap_v1_0_costed_broad_own_volume_only_half_official_logic,last_3y,73,13,2023-05-04,2026-04-30,723,27.054621605078655,14.541065082828396,1.7897067188609392,-12.201612441149745,2.2172988804198837,104.5991086767867,-0.5040517378384273,0.07484166540136528,0.0,99,13.692946058091287,99,13.692946058091287,20
microcap_v1_0_costed_broad_own_volume_only_half_official_logic,full,74,13,2010-02-02,2026-04-30,3940,30.42067682364513,11.279496983446647,2.503170481464091,-12.201612441149756,2.493168584920125,7364.795484083389,-0.6349008555296862,0.048849479806496454,-5.5067062021407764e-14,278,7.055837563451776,278,7.055837563451776,50
microcap_v1_0_costed_broad_own_volume_only_half_official_logic,last_10y,74,13,2016-05-03,2026-04-30,2426,31.451632735653632,13.00401163513233,2.2485113962331447,-12.2016124411497,2.577662000604413,1436.461828590105,-0.38518576631967605,0.07113555193071663,0.0,231,9.52184666117065,231,9.52184666117065,42
microcap_v1_0_costed_broad_own_volume_only_half_official_logic,last_5y,74,13,2021-04-30,2026-04-30,1208,32.271749390236,15.412542276924876,1.9706391053884678,-12.201612441149678,2.6448757937434744,304.81103949846704,-0.12509299360959147,0.09292676825165969,3.375077994860476e-14,132,10.927152317880795,132,10.927152317880795,26
microcap_v1_0_costed_broad_own_volume_only_half_official_logic,last_3y,74,13,2023-05-04,2026-04-30,723,26.73345087847734,14.437601866122657,1.7832118448941532,-12.201612441149756,2.190976889932938,103.05673716590245,-0.8252224644397437,0.06834679143457922,-1.0658141036401503e-14,112,15.491009681881051,112,15.491009681881051,18
microcap_v1_0_costed_broad_own_volume_only_half_official_logic,full,75,13,2010-02-02,2026-04-30,3940,30.42647692403917,11.280099481834318,2.5034527168423657,-12.2016124411497,2.4936439401587998,7370.188004971513,-0.6291007551356458,0.049131715184770997,0.0,276,7.00507614213198,276,7.00507614213198,50
microcap_v1_0_costed_broad_own_volume_only_half_official_logic,last_10y,75,13,2016-05-03,2026-04-30,2426,31.48163067878933,13.004454382959077,2.250262231812849,-12.201612441149745,2.5801205234660647,1439.968349728543,-0.3551878231839787,0.07288638751042109,-4.440892098500626e-14,230,9.480626545754328,230,9.480626545754328,42
microcap_v1_0_costed_broad_own_volume_only_half_official_logic,last_5y,75,13,2021-04-30,2026-04-30,1208,32.271749390236,15.412542276924876,1.9706391053884678,-12.201612441149678,2.6448757937434744,304.81103949846704,-0.12509299360959147,0.09292676825165969,3.375077994860476e-14,132,10.927152317880795,132,10.927152317880795,26
microcap_v1_0_costed_broad_own_volume_only_half_official_logic,last_3y,75,13,2023-05-04,2026-04-30,723,26.73345087847734,14.437601866122657,1.7832118448941532,-12.201612441149756,2.190976889932938,103.05673716590245,-0.8252224644397437,0.06834679143457922,-1.0658141036401503e-14,112,15.491009681881051,112,15.491009681881051,18
microcap_v1_0_costed_broad_own_volume_only_half_official_logic,full,76,13,2010-02-02,2026-04-30,3940,30.382250525385235,11.285244803602563,2.499238842743976,-12.201612441149734,2.490019304573353,7329.161608452957,-0.6733271537895824,0.044917841086381305,-3.375077994860476e-14,282,7.15736040609137,282,7.15736040609137,50
microcap_v1_0_costed_broad_own_volume_only_half_official_logic,last_10y,76,13,2016-05-03,2026-04-30,2426,31.419777529063353,13.011603254952034,2.245341249094121,-12.2016124411497,2.5750512631511526,1432.7460758425327,-0.41704097290995534,0.06796540479169311,0.0,237,9.769167353668589,237,9.769167353668589,42
microcap_v1_0_costed_broad_own_volume_only_half_official_logic,last_5y,76,13,2021-04-30,2026-04-30,1208,32.04922236167964,15.427368101148325,1.9574993739705693,-12.2016124411497,2.6266382837725826,301.4177762791438,-0.34762002216595533,0.0797870368337612,1.0658141036401503e-14,137,11.341059602649006,137,11.341059602649006,26
microcap_v1_0_costed_broad_own_volume_only_half_official_logic,last_3y,76,13,2023-05-04,2026-04-30,723,26.377131534459707,14.463661727134932,1.759957105081834,-12.201612441149734,2.1617742459597613,101.35464683132489,-1.181541808457375,0.04509205162225993,1.0658141036401503e-14,117,16.182572614107883,117,16.182572614107883,18
microcap_v1_0_costed_broad_own_volume_only_half_official_logic,full,77,13,2010-02-02,2026-04-30,3940,30.392077458282806,11.289847762217267,2.4989598576008603,-12.201612441149756,2.490824684431541,7338.259200009586,-0.6635002208920113,0.044638855943265554,-5.5067062021407764e-14,280,7.1065989847715745,280,7.1065989847715745,52
microcap_v1_0_costed_broad_own_volume_only_half_official_logic,last_10y,77,13,2016-05-03,2026-04-30,2426,31.434688512818234,13.01805155049923,2.245198778731316,-12.201612441149745,2.5762733134192364,1434.4843606504246,-0.4021299891550747,0.0678229344288881,-4.440892098500626e-14,236,9.727947238252268,236,9.727947238252268,44
microcap_v1_0_costed_broad_own_volume_only_half_official_logic,last_5y,77,13,2021-04-30,2026-04-30,1208,32.04922236167964,15.427368101148325,1.9574993739705693,-12.2016124411497,2.6266382837725826,301.4177762791438,-0.34762002216595533,0.0797870368337612,1.0658141036401503e-14,137,11.341059602649006,137,11.341059602649006,26
microcap_v1_0_costed_broad_own_volume_only_half_official_logic,last_3y,77,13,2023-05-04,2026-04-30,723,26.377131534459707,14.463661727134932,1.759957105081834,-12.201612441149734,2.1617742459597613,101.35464683132489,-1.181541808457375,0.04509205162225993,1.0658141036401503e-14,117,16.182572614107883,117,16.182572614107883,18
microcap_v1_0_costed_broad_own_volume_only_half_official_logic,full,78,13,2010-02-02,2026-04-30,3940,30.31359996000329,11.266269962737132,2.498396616431725,-12.20161244114969,2.4843929526700332,7265.896865452369,-0.7419777191715262,0.044075614774130134,1.0658141036401503e-14,283,7.182741116751269,283,7.182741116751269,54
microcap_v1_0_costed_broad_own_volume_only_half_official_logic,last_10y,78,13,2016-05-03,2026-04-30,2426,31.317553733131874,12.984905389739962,2.2434630168750034,-12.20161244114969,2.5666733707681173,1420.8767218544815,-0.5192647688414347,0.06608717257257535,1.0658141036401503e-14,240,9.892827699917559,240,9.892827699917559,46
microcap_v1_0_costed_broad_own_volume_only_half_official_logic,last_5y,78,13,2021-04-30,2026-04-30,1208,31.814155420604862,15.371212710355431,1.9519828710434326,-12.201612441149734,2.6073730479516097,297.8580475220764,-0.5826869632407323,0.07427053390662453,-2.3092638912203256e-14,141,11.672185430463577,141,11.672185430463577,28
microcap_v1_0_costed_broad_own_volume_only_half_official_logic,last_3y,78,13,2023-05-04,2026-04-30,723,26.00117089333043,14.36298738366402,1.7496418478867006,-12.201612441149766,2.130961872354005,99.56905593562897,-1.5575024495866536,0.03477679442712667,-2.1316282072803006e-14,121,16.735822959889347,121,16.735822959889347,20
microcap_v1_0_costed_broad_own_volume_only_half_official_logic,full,79,13,2010-02-02,2026-04-30,3940,30.41759403076685,11.263169642832018,2.506416947077057,-12.2016124411497,2.4929159303719652,7361.930809479135,-0.6379836484079675,0.052095945419462275,0.0,284,7.208121827411168,284,7.208121827411168,54
microcap_v1_0_costed_broad_own_volume_only_half_official_logic,last_10y,79,13,2016-05-03,2026-04-30,2426,31.430940846837686,12.97851151255629,2.251413087127446,-12.201612441149724,2.575966168277677,1434.0473003934706,-0.40587765513562246,0.074037242825018,-2.3092638912203256e-14,242,9.975267930750206,242,9.975267930750206,46
microcap_v1_0_costed_broad_own_volume_only_half_official_logic,last_5y,79,13,2021-04-30,2026-04-30,1208,31.91401947795598,15.366320299400627,1.9577013306056363,-12.201612441149766,2.6155575447001085,299.3672370826018,-0.4828229058896163,0.07998899346882826,-5.5067062021407764e-14,142,11.754966887417218,142,11.754966887417218,28
microcap_v1_0_costed_broad_own_volume_only_half_official_logic,last_3y,79,13,2023-05-04,2026-04-30,723,26.16083615154907,14.354413371001176,1.7598033732894085,-12.201612441149779,2.144047459114665,100.32607854129907,-1.397837191368012,0.04493831982983454,-3.375077994860476e-14,122,16.874135546334717,122,16.874135546334717,20
microcap_v1_0_costed_broad_own_volume_only_half_official_logic,full,80,13,2010-02-02,2026-04-30,3940,30.431274223670847,11.263363018180673,2.50734410900642,-12.201612441149745,2.4940371094759457,7374.650955008511,-0.6243034555039699,0.05302310734882543,-4.440892098500626e-14,283,7.182741116751269,283,7.182741116751269,54
microcap_v1_0_costed_broad_own_volume_only_half_official_logic,last_10y,80,13,2016-05-03,2026-04-30,2426,31.430940846837686,12.97851151255629,2.251413087127446,-12.201612441149724,2.575966168277677,1434.0473003934706,-0.40587765513562246,0.074037242825018,-2.3092638912203256e-14,242,9.975267930750206,242,9.975267930750206,46
microcap_v1_0_costed_broad_own_volume_only_half_official_logic,last_5y,80,13,2021-04-30,2026-04-30,1208,31.91401947795598,15.366320299400627,1.9577013306056363,-12.201612441149766,2.6155575447001085,299.3672370826018,-0.4828229058896163,0.07998899346882826,-5.5067062021407764e-14,142,11.754966887417218,142,11.754966887417218,28
microcap_v1_0_costed_broad_own_volume_only_half_official_logic,last_3y,80,13,2023-05-04,2026-04-30,723,26.16083615154907,14.354413371001176,1.7598033732894085,-12.201612441149779,2.144047459114665,100.32607854129907,-1.397837191368012,0.04493831982983454,-3.375077994860476e-14,122,16.874135546334717,122,16.874135546334717,20
